seed,defense,attack,severity,detected,aas,unweighted
42,mutable_log,replay_approval_token,3,1,0.5,0.42857142857142855
42,mutable_log,backdate_request,3,0,0.5,0.42857142857142855
42,mutable_log,swap_explanation_hash,2,0,0.5,0.42857142857142855
42,mutable_log,collude_block_signature,5,1,0.5,0.42857142857142855
42,mutable_log,revocation_race,2,0,0.5,0.42857142857142855
42,mutable_log,compromised_signer,5,0,0.5,0.42857142857142855
42,mutable_log,metadata_inference,4,1,0.5,0.42857142857142855
42,signed_chain,replay_approval_token,3,1,0.7916666666666666,0.8571428571428571
42,signed_chain,backdate_request,3,1,0.7916666666666666,0.8571428571428571
42,signed_chain,swap_explanation_hash,2,1,0.7916666666666666,0.8571428571428571
42,signed_chain,collude_block_signature,5,1,0.7916666666666666,0.8571428571428571
42,signed_chain,revocation_race,2,1,0.7916666666666666,0.8571428571428571
42,signed_chain,compromised_signer,5,0,0.7916666666666666,0.8571428571428571
42,signed_chain,metadata_inference,4,1,0.7916666666666666,0.8571428571428571
42,blockchain_style,replay_approval_token,3,1,0.7916666666666666,0.8571428571428571
42,blockchain_style,backdate_request,3,1,0.7916666666666666,0.8571428571428571
42,blockchain_style,swap_explanation_hash,2,1,0.7916666666666666,0.8571428571428571
42,blockchain_style,collude_block_signature,5,1,0.7916666666666666,0.8571428571428571
42,blockchain_style,revocation_race,2,1,0.7916666666666666,0.8571428571428571
42,blockchain_style,compromised_signer,5,0,0.7916666666666666,0.8571428571428571
42,blockchain_style,metadata_inference,4,1,0.7916666666666666,0.8571428571428571
42,abac_reexec,replay_approval_token,3,1,0.7916666666666666,0.8571428571428571
42,abac_reexec,backdate_request,3,1,0.7916666666666666,0.8571428571428571
42,abac_reexec,swap_explanation_hash,2,1,0.7916666666666666,0.8571428571428571
42,abac_reexec,collude_block_signature,5,1,0.7916666666666666,0.8571428571428571
42,abac_reexec,revocation_race,2,1,0.7916666666666666,0.8571428571428571
42,abac_reexec,compromised_signer,5,0,0.7916666666666666,0.8571428571428571
42,abac_reexec,metadata_inference,4,1,0.7916666666666666,0.8571428571428571
42,ct_log,replay_approval_token,3,1,0.7916666666666666,0.8571428571428571
42,ct_log,backdate_request,3,1,0.7916666666666666,0.8571428571428571
42,ct_log,swap_explanation_hash,2,1,0.7916666666666666,0.8571428571428571
42,ct_log,collude_block_signature,5,1,0.7916666666666666,0.8571428571428571
42,ct_log,revocation_race,2,1,0.7916666666666666,0.8571428571428571
42,ct_log,compromised_signer,5,0,0.7916666666666666,0.8571428571428571
42,ct_log,metadata_inference,4,1,0.7916666666666666,0.8571428571428571
42,fabric_abac,replay_approval_token,3,1,0.7916666666666666,0.8571428571428571
42,fabric_abac,backdate_request,3,1,0.7916666666666666,0.8571428571428571
42,fabric_abac,swap_explanation_hash,2,1,0.7916666666666666,0.8571428571428571
42,fabric_abac,collude_block_signature,5,1,0.7916666666666666,0.8571428571428571
42,fabric_abac,revocation_race,2,1,0.7916666666666666,0.8571428571428571
42,fabric_abac,compromised_signer,5,0,0.7916666666666666,0.8571428571428571
42,fabric_abac,metadata_inference,4,1,0.7916666666666666,0.8571428571428571
42,trusted_policy_oracle,replay_approval_token,3,1,1.0,1.0
42,trusted_policy_oracle,backdate_request,3,1,1.0,1.0
42,trusted_policy_oracle,swap_explanation_hash,2,1,1.0,1.0
42,trusted_policy_oracle,collude_block_signature,5,1,1.0,1.0
42,trusted_policy_oracle,revocation_race,2,1,1.0,1.0
42,trusted_policy_oracle,compromised_signer,5,1,1.0,1.0
42,trusted_policy_oracle,metadata_inference,4,1,1.0,1.0
42,nspi_drift,replay_approval_token,3,0,0.00029144119221970145,0.5422885572139303
42,nspi_drift,backdate_request,3,0,0.0003247411839488539,0.5472636815920398
42,nspi_drift,swap_explanation_hash,2,0,0.0003247411839488539,0.5472636815920398
42,nspi_drift,collude_block_signature,5,0,0.00029144119221970145,0.5422885572139303
42,nspi_drift,revocation_race,2,0,0.0002914080769222294,0.5771144278606966
42,nspi_drift,compromised_signer,5,1,0.030362000106482368,0.004975124378109453
42,nspi_drift,metadata_inference,4,0,0.0,0.0
123,mutable_log,replay_approval_token,3,1,0.5,0.42857142857142855
123,mutable_log,backdate_request,3,0,0.5,0.42857142857142855
123,mutable_log,swap_explanation_hash,2,0,0.5,0.42857142857142855
123,mutable_log,collude_block_signature,5,1,0.5,0.42857142857142855
123,mutable_log,revocation_race,2,0,0.5,0.42857142857142855
123,mutable_log,compromised_signer,5,0,0.5,0.42857142857142855
123,mutable_log,metadata_inference,4,1,0.5,0.42857142857142855
123,signed_chain,replay_approval_token,3,1,0.7916666666666666,0.8571428571428571
123,signed_chain,backdate_request,3,1,0.7916666666666666,0.8571428571428571
123,signed_chain,swap_explanation_hash,2,1,0.7916666666666666,0.8571428571428571
123,signed_chain,collude_block_signature,5,1,0.7916666666666666,0.8571428571428571
123,signed_chain,revocation_race,2,1,0.7916666666666666,0.8571428571428571
123,signed_chain,compromised_signer,5,0,0.7916666666666666,0.8571428571428571
123,signed_chain,metadata_inference,4,1,0.7916666666666666,0.8571428571428571
123,blockchain_style,replay_approval_token,3,1,0.7916666666666666,0.8571428571428571
123,blockchain_style,backdate_request,3,1,0.7916666666666666,0.8571428571428571
123,blockchain_style,swap_explanation_hash,2,1,0.7916666666666666,0.8571428571428571
123,blockchain_style,collude_block_signature,5,1,0.7916666666666666,0.8571428571428571
123,blockchain_style,revocation_race,2,1,0.7916666666666666,0.8571428571428571
123,blockchain_style,compromised_signer,5,0,0.7916666666666666,0.8571428571428571
123,blockchain_style,metadata_inference,4,1,0.7916666666666666,0.8571428571428571
123,abac_reexec,replay_approval_token,3,1,0.7916666666666666,0.8571428571428571
123,abac_reexec,backdate_request,3,1,0.7916666666666666,0.8571428571428571
123,abac_reexec,swap_explanation_hash,2,1,0.7916666666666666,0.8571428571428571
123,abac_reexec,collude_block_signature,5,1,0.7916666666666666,0.8571428571428571
123,abac_reexec,revocation_race,2,1,0.7916666666666666,0.8571428571428571
123,abac_reexec,compromised_signer,5,0,0.7916666666666666,0.8571428571428571
123,abac_reexec,metadata_inference,4,1,0.7916666666666666,0.8571428571428571
123,ct_log,replay_approval_token,3,1,0.7916666666666666,0.8571428571428571
123,ct_log,backdate_request,3,1,0.7916666666666666,0.8571428571428571
123,ct_log,swap_explanation_hash,2,1,0.7916666666666666,0.8571428571428571
123,ct_log,collude_block_signature,5,1,0.7916666666666666,0.8571428571428571
123,ct_log,revocation_race,2,1,0.7916666666666666,0.8571428571428571
123,ct_log,compromised_signer,5,0,0.7916666666666666,0.8571428571428571
123,ct_log,metadata_inference,4,1,0.7916666666666666,0.8571428571428571
123,fabric_abac,replay_approval_token,3,1,0.7916666666666666,0.8571428571428571
123,fabric_abac,backdate_request,3,1,0.7916666666666666,0.8571428571428571
123,fabric_abac,swap_explanation_hash,2,1,0.7916666666666666,0.8571428571428571
123,fabric_abac,collude_block_signature,5,1,0.7916666666666666,0.8571428571428571
123,fabric_abac,revocation_race,2,1,0.7916666666666666,0.8571428571428571
123,fabric_abac,compromised_signer,5,0,0.7916666666666666,0.8571428571428571
123,fabric_abac,metadata_inference,4,1,0.7916666666666666,0.8571428571428571
123,trusted_policy_oracle,replay_approval_token,3,1,1.0,1.0
123,trusted_policy_oracle,backdate_request,3,1,1.0,1.0
123,trusted_policy_oracle,swap_explanation_hash,2,1,1.0,1.0
123,trusted_policy_oracle,collude_block_signature,5,1,1.0,1.0
123,trusted_policy_oracle,revocation_race,2,1,1.0,1.0
123,trusted_policy_oracle,compromised_signer,5,1,1.0,1.0
123,trusted_policy_oracle,metadata_inference,4,1,1.0,1.0
123,nspi_drift,replay_approval_token,3,0,0.0013180102167720804,0.07960199004975124
123,nspi_drift,backdate_request,3,0,0.001374363892152201,0.0845771144278607
123,nspi_drift,swap_explanation_hash,2,0,0.001374363892152201,0.0845771144278607
123,nspi_drift,collude_block_signature,5,1,0.0013180102167720804,0.04975124378109453
123,nspi_drift,revocation_race,2,0,0.001293571391162469,0.08955223880597014
123,nspi_drift,compromised_signer,5,1,0.02456707984118459,0.004975124378109453
123,nspi_drift,metadata_inference,4,0,0.0,0.0
21,mutable_log,replay_approval_token,3,1,0.5,0.42857142857142855
21,mutable_log,backdate_request,3,0,0.5,0.42857142857142855
21,mutable_log,swap_explanation_hash,2,0,0.5,0.42857142857142855
21,mutable_log,collude_block_signature,5,1,0.5,0.42857142857142855
21,mutable_log,revocation_race,2,0,0.5,0.42857142857142855
21,mutable_log,compromised_signer,5,0,0.5,0.42857142857142855
21,mutable_log,metadata_inference,4,1,0.5,0.42857142857142855
21,signed_chain,replay_approval_token,3,1,0.7916666666666666,0.8571428571428571
21,signed_chain,backdate_request,3,1,0.7916666666666666,0.8571428571428571
21,signed_chain,swap_explanation_hash,2,1,0.7916666666666666,0.8571428571428571
21,signed_chain,collude_block_signature,5,1,0.7916666666666666,0.8571428571428571
21,signed_chain,revocation_race,2,1,0.7916666666666666,0.8571428571428571
21,signed_chain,compromised_signer,5,0,0.7916666666666666,0.8571428571428571
21,signed_chain,metadata_inference,4,1,0.7916666666666666,0.8571428571428571
21,blockchain_style,replay_approval_token,3,1,0.7916666666666666,0.8571428571428571
21,blockchain_style,backdate_request,3,1,0.7916666666666666,0.8571428571428571
21,blockchain_style,swap_explanation_hash,2,1,0.7916666666666666,0.8571428571428571
21,blockchain_style,collude_block_signature,5,1,0.7916666666666666,0.8571428571428571
21,blockchain_style,revocation_race,2,1,0.7916666666666666,0.8571428571428571
21,blockchain_style,compromised_signer,5,0,0.7916666666666666,0.8571428571428571
21,blockchain_style,metadata_inference,4,1,0.7916666666666666,0.8571428571428571
21,abac_reexec,replay_approval_token,3,1,0.7916666666666666,0.8571428571428571
21,abac_reexec,backdate_request,3,1,0.7916666666666666,0.8571428571428571
21,abac_reexec,swap_explanation_hash,2,1,0.7916666666666666,0.8571428571428571
21,abac_reexec,collude_block_signature,5,1,0.7916666666666666,0.8571428571428571
21,abac_reexec,revocation_race,2,1,0.7916666666666666,0.8571428571428571
21,abac_reexec,compromised_signer,5,0,0.7916666666666666,0.8571428571428571
21,abac_reexec,metadata_inference,4,1,0.7916666666666666,0.8571428571428571
21,ct_log,replay_approval_token,3,1,0.7916666666666666,0.8571428571428571
21,ct_log,backdate_request,3,1,0.7916666666666666,0.8571428571428571
21,ct_log,swap_explanation_hash,2,1,0.7916666666666666,0.8571428571428571
21,ct_log,collude_block_signature,5,1,0.7916666666666666,0.8571428571428571
21,ct_log,revocation_race,2,1,0.7916666666666666,0.8571428571428571
21,ct_log,compromised_signer,5,0,0.7916666666666666,0.8571428571428571
21,ct_log,metadata_inference,4,1,0.7916666666666666,0.8571428571428571
21,fabric_abac,replay_approval_token,3,1,0.7916666666666666,0.8571428571428571
21,fabric_abac,backdate_request,3,1,0.7916666666666666,0.8571428571428571
21,fabric_abac,swap_explanation_hash,2,1,0.7916666666666666,0.8571428571428571
21,fabric_abac,collude_block_signature,5,1,0.7916666666666666,0.8571428571428571
21,fabric_abac,revocation_race,2,1,0.7916666666666666,0.8571428571428571
21,fabric_abac,compromised_signer,5,0,0.7916666666666666,0.8571428571428571
21,fabric_abac,metadata_inference,4,1,0.7916666666666666,0.8571428571428571
21,trusted_policy_oracle,replay_approval_token,3,1,1.0,1.0
21,trusted_policy_oracle,backdate_request,3,1,1.0,1.0
21,trusted_policy_oracle,swap_explanation_hash,2,1,1.0,1.0
21,trusted_policy_oracle,collude_block_signature,5,1,1.0,1.0
21,trusted_policy_oracle,revocation_race,2,1,1.0,1.0
21,trusted_policy_oracle,compromised_signer,5,1,1.0,1.0
21,trusted_policy_oracle,metadata_inference,4,1,1.0,1.0
21,nspi_drift,replay_approval_token,3,0,0.0010915447799254643,0.09950248756218906
21,nspi_drift,backdate_request,3,0,0.001158300082927618,0.12935323383084577
21,nspi_drift,swap_explanation_hash,2,0,0.001158300082927618,0.12935323383084577
21,nspi_drift,collude_block_signature,5,0,0.0010915447799254643,0.11940298507462686
21,nspi_drift,revocation_race,2,0,0.0010843302405847254,0.14427860696517414
21,nspi_drift,compromised_signer,5,1,0.025437771722780306,0.004975124378109453
21,nspi_drift,metadata_inference,4,0,0.0,0.0
7,mutable_log,replay_approval_token,3,1,0.5,0.42857142857142855
7,mutable_log,backdate_request,3,0,0.5,0.42857142857142855
7,mutable_log,swap_explanation_hash,2,0,0.5,0.42857142857142855
7,mutable_log,collude_block_signature,5,1,0.5,0.42857142857142855
7,mutable_log,revocation_race,2,0,0.5,0.42857142857142855
7,mutable_log,compromised_signer,5,0,0.5,0.42857142857142855
7,mutable_log,metadata_inference,4,1,0.5,0.42857142857142855
7,signed_chain,replay_approval_token,3,1,0.7916666666666666,0.8571428571428571
7,signed_chain,backdate_request,3,1,0.7916666666666666,0.8571428571428571
7,signed_chain,swap_explanation_hash,2,1,0.7916666666666666,0.8571428571428571
7,signed_chain,collude_block_signature,5,1,0.7916666666666666,0.8571428571428571
7,signed_chain,revocation_race,2,1,0.7916666666666666,0.8571428571428571
7,signed_chain,compromised_signer,5,0,0.7916666666666666,0.8571428571428571
7,signed_chain,metadata_inference,4,1,0.7916666666666666,0.8571428571428571
7,blockchain_style,replay_approval_token,3,1,0.7916666666666666,0.8571428571428571
7,blockchain_style,backdate_request,3,1,0.7916666666666666,0.8571428571428571
7,blockchain_style,swap_explanation_hash,2,1,0.7916666666666666,0.8571428571428571
7,blockchain_style,collude_block_signature,5,1,0.7916666666666666,0.8571428571428571
7,blockchain_style,revocation_race,2,1,0.7916666666666666,0.8571428571428571
7,blockchain_style,compromised_signer,5,0,0.7916666666666666,0.8571428571428571
7,blockchain_style,metadata_inference,4,1,0.7916666666666666,0.8571428571428571
7,abac_reexec,replay_approval_token,3,1,0.7916666666666666,0.8571428571428571
7,abac_reexec,backdate_request,3,1,0.7916666666666666,0.8571428571428571
7,abac_reexec,swap_explanation_hash,2,1,0.7916666666666666,0.8571428571428571
7,abac_reexec,collude_block_signature,5,1,0.7916666666666666,0.8571428571428571
7,abac_reexec,revocation_race,2,1,0.7916666666666666,0.8571428571428571
7,abac_reexec,compromised_signer,5,0,0.7916666666666666,0.8571428571428571
7,abac_reexec,metadata_inference,4,1,0.7916666666666666,0.8571428571428571
7,ct_log,replay_approval_token,3,1,0.7916666666666666,0.8571428571428571
7,ct_log,backdate_request,3,1,0.7916666666666666,0.8571428571428571
7,ct_log,swap_explanation_hash,2,1,0.7916666666666666,0.8571428571428571
7,ct_log,collude_block_signature,5,1,0.7916666666666666,0.8571428571428571
7,ct_log,revocation_race,2,1,0.7916666666666666,0.8571428571428571
7,ct_log,compromised_signer,5,0,0.7916666666666666,0.8571428571428571
7,ct_log,metadata_inference,4,1,0.7916666666666666,0.8571428571428571
7,fabric_abac,replay_approval_token,3,1,0.7916666666666666,0.8571428571428571
7,fabric_abac,backdate_request,3,1,0.7916666666666666,0.8571428571428571
7,fabric_abac,swap_explanation_hash,2,1,0.7916666666666666,0.8571428571428571
7,fabric_abac,collude_block_signature,5,1,0.7916666666666666,0.8571428571428571
7,fabric_abac,revocation_race,2,1,0.7916666666666666,0.8571428571428571
7,fabric_abac,compromised_signer,5,0,0.7916666666666666,0.8571428571428571
7,fabric_abac,metadata_inference,4,1,0.7916666666666666,0.8571428571428571
7,trusted_policy_oracle,replay_approval_token,3,1,1.0,1.0
7,trusted_policy_oracle,backdate_request,3,1,1.0,1.0
7,trusted_policy_oracle,swap_explanation_hash,2,1,1.0,1.0
7,trusted_policy_oracle,collude_block_signature,5,1,1.0,1.0
7,trusted_policy_oracle,revocation_race,2,1,1.0,1.0
7,trusted_policy_oracle,compromised_signer,5,1,1.0,1.0
7,trusted_policy_oracle,metadata_inference,4,1,1.0,1.0
7,nspi_drift,replay_approval_token,3,0,0.00041179521075852886,0.44776119402985076
7,nspi_drift,backdate_request,3,0,0.0004478205168803157,0.4079601990049751
7,nspi_drift,swap_explanation_hash,2,0,0.0004478205168803157,0.4079601990049751
7,nspi_drift,collude_block_signature,5,0,0.00041179521075852886,0.48756218905472637
7,nspi_drift,revocation_race,2,0,0.0003991653737561887,0.43283582089552236
7,nspi_drift,compromised_signer,5,1,0.030479378344206887,0.004975124378109453
7,nspi_drift,metadata_inference,4,0,0.0,0.0
99,mutable_log,replay_approval_token,3,1,0.5,0.42857142857142855
99,mutable_log,backdate_request,3,0,0.5,0.42857142857142855
99,mutable_log,swap_explanation_hash,2,0,0.5,0.42857142857142855
99,mutable_log,collude_block_signature,5,1,0.5,0.42857142857142855
99,mutable_log,revocation_race,2,0,0.5,0.42857142857142855
99,mutable_log,compromised_signer,5,0,0.5,0.42857142857142855
99,mutable_log,metadata_inference,4,1,0.5,0.42857142857142855
99,signed_chain,replay_approval_token,3,1,0.7916666666666666,0.8571428571428571
99,signed_chain,backdate_request,3,1,0.7916666666666666,0.8571428571428571
99,signed_chain,swap_explanation_hash,2,1,0.7916666666666666,0.8571428571428571
99,signed_chain,collude_block_signature,5,1,0.7916666666666666,0.8571428571428571
99,signed_chain,revocation_race,2,1,0.7916666666666666,0.8571428571428571
99,signed_chain,compromised_signer,5,0,0.7916666666666666,0.8571428571428571
99,signed_chain,metadata_inference,4,1,0.7916666666666666,0.8571428571428571
99,blockchain_style,replay_approval_token,3,1,0.7916666666666666,0.8571428571428571
99,blockchain_style,backdate_request,3,1,0.7916666666666666,0.8571428571428571
99,blockchain_style,swap_explanation_hash,2,1,0.7916666666666666,0.8571428571428571
99,blockchain_style,collude_block_signature,5,1,0.7916666666666666,0.8571428571428571
99,blockchain_style,revocation_race,2,1,0.7916666666666666,0.8571428571428571
99,blockchain_style,compromised_signer,5,0,0.7916666666666666,0.8571428571428571
99,blockchain_style,metadata_inference,4,1,0.7916666666666666,0.8571428571428571
99,abac_reexec,replay_approval_token,3,1,0.7916666666666666,0.8571428571428571
99,abac_reexec,backdate_request,3,1,0.7916666666666666,0.8571428571428571
99,abac_reexec,swap_explanation_hash,2,1,0.7916666666666666,0.8571428571428571
99,abac_reexec,collude_block_signature,5,1,0.7916666666666666,0.8571428571428571
99,abac_reexec,revocation_race,2,1,0.7916666666666666,0.8571428571428571
99,abac_reexec,compromised_signer,5,0,0.7916666666666666,0.8571428571428571
99,abac_reexec,metadata_inference,4,1,0.7916666666666666,0.8571428571428571
99,ct_log,replay_approval_token,3,1,0.7916666666666666,0.8571428571428571
99,ct_log,backdate_request,3,1,0.7916666666666666,0.8571428571428571
99,ct_log,swap_explanation_hash,2,1,0.7916666666666666,0.8571428571428571
99,ct_log,collude_block_signature,5,1,0.7916666666666666,0.8571428571428571
99,ct_log,revocation_race,2,1,0.7916666666666666,0.8571428571428571
99,ct_log,compromised_signer,5,0,0.7916666666666666,0.8571428571428571
99,ct_log,metadata_inference,4,1,0.7916666666666666,0.8571428571428571
99,fabric_abac,replay_approval_token,3,1,0.7916666666666666,0.8571428571428571
99,fabric_abac,backdate_request,3,1,0.7916666666666666,0.8571428571428571
99,fabric_abac,swap_explanation_hash,2,1,0.7916666666666666,0.8571428571428571
99,fabric_abac,collude_block_signature,5,1,0.7916666666666666,0.8571428571428571
99,fabric_abac,revocation_race,2,1,0.7916666666666666,0.8571428571428571
99,fabric_abac,compromised_signer,5,0,0.7916666666666666,0.8571428571428571
99,fabric_abac,metadata_inference,4,1,0.7916666666666666,0.8571428571428571
99,trusted_policy_oracle,replay_approval_token,3,1,1.0,1.0
99,trusted_policy_oracle,backdate_request,3,1,1.0,1.0
99,trusted_policy_oracle,swap_explanation_hash,2,1,1.0,1.0
99,trusted_policy_oracle,collude_block_signature,5,1,1.0,1.0
99,trusted_policy_oracle,revocation_race,2,1,1.0,1.0
99,trusted_policy_oracle,compromised_signer,5,1,1.0,1.0
99,trusted_policy_oracle,metadata_inference,4,1,1.0,1.0
99,nspi_drift,replay_approval_token,3,0,0.00020313099917144235,0.6666666666666666
99,nspi_drift,backdate_request,3,0,0.00023323801173791205,0.681592039800995
99,nspi_drift,swap_explanation_hash,2,0,0.00023323801173791205,0.681592039800995
99,nspi_drift,collude_block_signature,5,0,0.00020313099917144235,0.6616915422885572
99,nspi_drift,revocation_race,2,0,0.0002030437142708473,0.7014925373134329
99,nspi_drift,compromised_signer,5,1,0.03359133916370308,0.004975124378109453
99,nspi_drift,metadata_inference,4,0,0.0,0.0
