source_table,group,metric,seed,value
full_grid_raw,defense=abac_reexec,detection_rate,7,0.0
full_grid_raw,defense=abac_reexec,detection_rate,21,0.0
full_grid_raw,defense=abac_reexec,detection_rate,42,0.0
full_grid_raw,defense=abac_reexec,detection_rate,99,0.0
full_grid_raw,defense=abac_reexec,detection_rate,123,0.0
full_grid_raw,defense=blockchain_style,detection_rate,7,0.0
full_grid_raw,defense=blockchain_style,detection_rate,21,0.0
full_grid_raw,defense=blockchain_style,detection_rate,42,0.0
full_grid_raw,defense=blockchain_style,detection_rate,99,0.0
full_grid_raw,defense=blockchain_style,detection_rate,123,0.0
full_grid_raw,defense=ct_log,detection_rate,7,0.0
full_grid_raw,defense=ct_log,detection_rate,21,0.0
full_grid_raw,defense=ct_log,detection_rate,42,0.0
full_grid_raw,defense=ct_log,detection_rate,99,0.0
full_grid_raw,defense=ct_log,detection_rate,123,0.0
full_grid_raw,defense=fabric_abac,detection_rate,7,0.0
full_grid_raw,defense=fabric_abac,detection_rate,21,0.0
full_grid_raw,defense=fabric_abac,detection_rate,42,0.0
full_grid_raw,defense=fabric_abac,detection_rate,99,0.0
full_grid_raw,defense=fabric_abac,detection_rate,123,0.0
full_grid_raw,defense=mutable_log,detection_rate,7,0.0
full_grid_raw,defense=mutable_log,detection_rate,21,0.0
full_grid_raw,defense=mutable_log,detection_rate,42,0.0
full_grid_raw,defense=mutable_log,detection_rate,99,0.0
full_grid_raw,defense=mutable_log,detection_rate,123,0.0
full_grid_raw,defense=nspi_drift,detection_rate,7,1.0
full_grid_raw,defense=nspi_drift,detection_rate,21,1.0
full_grid_raw,defense=nspi_drift,detection_rate,42,1.0
full_grid_raw,defense=nspi_drift,detection_rate,99,1.0
full_grid_raw,defense=nspi_drift,detection_rate,123,1.0
full_grid_raw,defense=signed_chain,detection_rate,7,0.0
full_grid_raw,defense=signed_chain,detection_rate,21,0.0
full_grid_raw,defense=signed_chain,detection_rate,42,0.0
full_grid_raw,defense=signed_chain,detection_rate,99,0.0
full_grid_raw,defense=signed_chain,detection_rate,123,0.0
full_grid_raw,defense=trusted_policy_oracle,detection_rate,7,1.0
full_grid_raw,defense=trusted_policy_oracle,detection_rate,21,1.0
full_grid_raw,defense=trusted_policy_oracle,detection_rate,42,1.0
full_grid_raw,defense=trusted_policy_oracle,detection_rate,99,1.0
full_grid_raw,defense=trusted_policy_oracle,detection_rate,123,1.0
adaptive_attack_summary,defense=abac_reexec,detection_rate,7,0.0
adaptive_attack_summary,defense=abac_reexec,detection_rate,21,0.0
adaptive_attack_summary,defense=abac_reexec,detection_rate,42,0.0
adaptive_attack_summary,defense=abac_reexec,detection_rate,99,0.0
adaptive_attack_summary,defense=abac_reexec,detection_rate,123,0.0
adaptive_attack_summary,defense=blockchain_style,detection_rate,7,0.0
adaptive_attack_summary,defense=blockchain_style,detection_rate,21,0.0
adaptive_attack_summary,defense=blockchain_style,detection_rate,42,0.0
adaptive_attack_summary,defense=blockchain_style,detection_rate,99,0.0
adaptive_attack_summary,defense=blockchain_style,detection_rate,123,0.0
adaptive_attack_summary,defense=ct_log,detection_rate,7,0.0
adaptive_attack_summary,defense=ct_log,detection_rate,21,0.0
adaptive_attack_summary,defense=ct_log,detection_rate,42,0.0
adaptive_attack_summary,defense=ct_log,detection_rate,99,0.0
adaptive_attack_summary,defense=ct_log,detection_rate,123,0.0
adaptive_attack_summary,defense=fabric_abac,detection_rate,7,0.0
adaptive_attack_summary,defense=fabric_abac,detection_rate,21,0.0
adaptive_attack_summary,defense=fabric_abac,detection_rate,42,0.0
adaptive_attack_summary,defense=fabric_abac,detection_rate,99,0.0
adaptive_attack_summary,defense=fabric_abac,detection_rate,123,0.0
adaptive_attack_summary,defense=nspi_drift_global,detection_rate,7,1.0
adaptive_attack_summary,defense=nspi_drift_global,detection_rate,21,1.0
adaptive_attack_summary,defense=nspi_drift_global,detection_rate,42,1.0
adaptive_attack_summary,defense=nspi_drift_global,detection_rate,99,1.0
adaptive_attack_summary,defense=nspi_drift_global,detection_rate,123,1.0
adaptive_attack_summary,defense=nspi_drift_per_station,detection_rate,7,1.0
adaptive_attack_summary,defense=nspi_drift_per_station,detection_rate,21,1.0
adaptive_attack_summary,defense=nspi_drift_per_station,detection_rate,42,1.0
adaptive_attack_summary,defense=nspi_drift_per_station,detection_rate,99,1.0
adaptive_attack_summary,defense=nspi_drift_per_station,detection_rate,123,1.0
adaptive_attack_summary,defense=signed_chain,detection_rate,7,0.0
adaptive_attack_summary,defense=signed_chain,detection_rate,21,0.0
adaptive_attack_summary,defense=signed_chain,detection_rate,42,0.0
adaptive_attack_summary,defense=signed_chain,detection_rate,99,0.0
adaptive_attack_summary,defense=signed_chain,detection_rate,123,0.0
explanation_audit_quality,all,trace_complete_rate,7,1.0
explanation_audit_quality,all,trace_complete_rate,21,1.0
explanation_audit_quality,all,trace_complete_rate,42,1.0
explanation_audit_quality,all,trace_complete_rate,99,1.0
explanation_audit_quality,all,trace_complete_rate,123,1.0
explanation_audit_quality,all,decisive_attribute_full_text_coverage_rate,7,0.755
explanation_audit_quality,all,decisive_attribute_full_text_coverage_rate,21,0.767
explanation_audit_quality,all,decisive_attribute_full_text_coverage_rate,42,0.785
explanation_audit_quality,all,decisive_attribute_full_text_coverage_rate,99,0.789
explanation_audit_quality,all,decisive_attribute_full_text_coverage_rate,123,0.809
explanation_audit_quality,all,counterfactual_coverage_rate,7,1.0
explanation_audit_quality,all,counterfactual_coverage_rate,21,1.0
explanation_audit_quality,all,counterfactual_coverage_rate,42,1.0
explanation_audit_quality,all,counterfactual_coverage_rate,99,1.0
explanation_audit_quality,all,counterfactual_coverage_rate,123,1.0
explanation_audit_quality,all,counterfactual_validity_rate,7,1.0
explanation_audit_quality,all,counterfactual_validity_rate,21,0.987627
explanation_audit_quality,all,counterfactual_validity_rate,42,1.0
explanation_audit_quality,all,counterfactual_validity_rate,99,0.994438
explanation_audit_quality,all,counterfactual_validity_rate,123,1.0
explanation_audit_quality,all,stable_decision_reason_row_rate,7,1.0
explanation_audit_quality,all,stable_decision_reason_row_rate,21,1.0
explanation_audit_quality,all,stable_decision_reason_row_rate,42,1.0
explanation_audit_quality,all,stable_decision_reason_row_rate,99,1.0
explanation_audit_quality,all,stable_decision_reason_row_rate,123,1.0
explanation_audit_quality,all,audit_reconstruction_rate,7,1.0
explanation_audit_quality,all,audit_reconstruction_rate,21,1.0
explanation_audit_quality,all,audit_reconstruction_rate,42,1.0
explanation_audit_quality,all,audit_reconstruction_rate,99,1.0
explanation_audit_quality,all,audit_reconstruction_rate,123,1.0
nspi_compromised_signer_sensitivity_raw,flip_fraction_requested=0.02,nspi_global_detected,7,0.0
nspi_compromised_signer_sensitivity_raw,flip_fraction_requested=0.02,nspi_global_detected,21,0.0
nspi_compromised_signer_sensitivity_raw,flip_fraction_requested=0.02,nspi_global_detected,42,0.0
nspi_compromised_signer_sensitivity_raw,flip_fraction_requested=0.02,nspi_global_detected,99,0.0
nspi_compromised_signer_sensitivity_raw,flip_fraction_requested=0.02,nspi_global_detected,123,0.0
nspi_compromised_signer_sensitivity_raw,flip_fraction_requested=0.05,nspi_global_detected,7,0.0
nspi_compromised_signer_sensitivity_raw,flip_fraction_requested=0.05,nspi_global_detected,21,0.0
nspi_compromised_signer_sensitivity_raw,flip_fraction_requested=0.05,nspi_global_detected,42,0.0
nspi_compromised_signer_sensitivity_raw,flip_fraction_requested=0.05,nspi_global_detected,99,0.0
nspi_compromised_signer_sensitivity_raw,flip_fraction_requested=0.05,nspi_global_detected,123,0.0
nspi_compromised_signer_sensitivity_raw,flip_fraction_requested=0.1,nspi_global_detected,7,1.0
nspi_compromised_signer_sensitivity_raw,flip_fraction_requested=0.1,nspi_global_detected,21,1.0
nspi_compromised_signer_sensitivity_raw,flip_fraction_requested=0.1,nspi_global_detected,42,1.0
nspi_compromised_signer_sensitivity_raw,flip_fraction_requested=0.1,nspi_global_detected,99,1.0
nspi_compromised_signer_sensitivity_raw,flip_fraction_requested=0.1,nspi_global_detected,123,1.0
nspi_compromised_signer_sensitivity_raw,flip_fraction_requested=0.15,nspi_global_detected,7,1.0
nspi_compromised_signer_sensitivity_raw,flip_fraction_requested=0.15,nspi_global_detected,21,1.0
nspi_compromised_signer_sensitivity_raw,flip_fraction_requested=0.15,nspi_global_detected,42,1.0
nspi_compromised_signer_sensitivity_raw,flip_fraction_requested=0.15,nspi_global_detected,99,1.0
nspi_compromised_signer_sensitivity_raw,flip_fraction_requested=0.15,nspi_global_detected,123,1.0
nspi_compromised_signer_sensitivity_raw,flip_fraction_requested=0.2,nspi_global_detected,7,1.0
nspi_compromised_signer_sensitivity_raw,flip_fraction_requested=0.2,nspi_global_detected,21,1.0
nspi_compromised_signer_sensitivity_raw,flip_fraction_requested=0.2,nspi_global_detected,42,1.0
nspi_compromised_signer_sensitivity_raw,flip_fraction_requested=0.2,nspi_global_detected,99,1.0
nspi_compromised_signer_sensitivity_raw,flip_fraction_requested=0.2,nspi_global_detected,123,1.0
nspi_compromised_signer_sensitivity_raw,flip_fraction_requested=0.25,nspi_global_detected,7,1.0
nspi_compromised_signer_sensitivity_raw,flip_fraction_requested=0.25,nspi_global_detected,21,1.0
nspi_compromised_signer_sensitivity_raw,flip_fraction_requested=0.25,nspi_global_detected,42,1.0
nspi_compromised_signer_sensitivity_raw,flip_fraction_requested=0.25,nspi_global_detected,99,1.0
nspi_compromised_signer_sensitivity_raw,flip_fraction_requested=0.25,nspi_global_detected,123,1.0
nspi_compromised_signer_sensitivity_raw,flip_fraction_requested=0.35,nspi_global_detected,7,1.0
nspi_compromised_signer_sensitivity_raw,flip_fraction_requested=0.35,nspi_global_detected,21,1.0
nspi_compromised_signer_sensitivity_raw,flip_fraction_requested=0.35,nspi_global_detected,42,1.0
nspi_compromised_signer_sensitivity_raw,flip_fraction_requested=0.35,nspi_global_detected,99,1.0
nspi_compromised_signer_sensitivity_raw,flip_fraction_requested=0.35,nspi_global_detected,123,1.0
nspi_compromised_signer_sensitivity_raw,flip_fraction_requested=0.5,nspi_global_detected,7,1.0
nspi_compromised_signer_sensitivity_raw,flip_fraction_requested=0.5,nspi_global_detected,21,1.0
nspi_compromised_signer_sensitivity_raw,flip_fraction_requested=0.5,nspi_global_detected,42,1.0
nspi_compromised_signer_sensitivity_raw,flip_fraction_requested=0.5,nspi_global_detected,99,1.0
nspi_compromised_signer_sensitivity_raw,flip_fraction_requested=0.5,nspi_global_detected,123,1.0
nspi_compromised_signer_sensitivity_raw,flip_fraction_requested=0.02,nspi_per_station_detected,7,0.0
nspi_compromised_signer_sensitivity_raw,flip_fraction_requested=0.02,nspi_per_station_detected,21,0.0
nspi_compromised_signer_sensitivity_raw,flip_fraction_requested=0.02,nspi_per_station_detected,42,0.0
nspi_compromised_signer_sensitivity_raw,flip_fraction_requested=0.02,nspi_per_station_detected,99,0.0
nspi_compromised_signer_sensitivity_raw,flip_fraction_requested=0.02,nspi_per_station_detected,123,0.0
nspi_compromised_signer_sensitivity_raw,flip_fraction_requested=0.05,nspi_per_station_detected,7,0.0
nspi_compromised_signer_sensitivity_raw,flip_fraction_requested=0.05,nspi_per_station_detected,21,0.0
nspi_compromised_signer_sensitivity_raw,flip_fraction_requested=0.05,nspi_per_station_detected,42,0.0
nspi_compromised_signer_sensitivity_raw,flip_fraction_requested=0.05,nspi_per_station_detected,99,0.0
nspi_compromised_signer_sensitivity_raw,flip_fraction_requested=0.05,nspi_per_station_detected,123,0.0
nspi_compromised_signer_sensitivity_raw,flip_fraction_requested=0.1,nspi_per_station_detected,7,1.0
nspi_compromised_signer_sensitivity_raw,flip_fraction_requested=0.1,nspi_per_station_detected,21,1.0
nspi_compromised_signer_sensitivity_raw,flip_fraction_requested=0.1,nspi_per_station_detected,42,0.0
nspi_compromised_signer_sensitivity_raw,flip_fraction_requested=0.1,nspi_per_station_detected,99,1.0
nspi_compromised_signer_sensitivity_raw,flip_fraction_requested=0.1,nspi_per_station_detected,123,0.0
nspi_compromised_signer_sensitivity_raw,flip_fraction_requested=0.15,nspi_per_station_detected,7,1.0
nspi_compromised_signer_sensitivity_raw,flip_fraction_requested=0.15,nspi_per_station_detected,21,1.0
nspi_compromised_signer_sensitivity_raw,flip_fraction_requested=0.15,nspi_per_station_detected,42,1.0
nspi_compromised_signer_sensitivity_raw,flip_fraction_requested=0.15,nspi_per_station_detected,99,1.0
nspi_compromised_signer_sensitivity_raw,flip_fraction_requested=0.15,nspi_per_station_detected,123,1.0
nspi_compromised_signer_sensitivity_raw,flip_fraction_requested=0.2,nspi_per_station_detected,7,1.0
nspi_compromised_signer_sensitivity_raw,flip_fraction_requested=0.2,nspi_per_station_detected,21,1.0
nspi_compromised_signer_sensitivity_raw,flip_fraction_requested=0.2,nspi_per_station_detected,42,1.0
nspi_compromised_signer_sensitivity_raw,flip_fraction_requested=0.2,nspi_per_station_detected,99,1.0
nspi_compromised_signer_sensitivity_raw,flip_fraction_requested=0.2,nspi_per_station_detected,123,1.0
nspi_compromised_signer_sensitivity_raw,flip_fraction_requested=0.25,nspi_per_station_detected,7,1.0
nspi_compromised_signer_sensitivity_raw,flip_fraction_requested=0.25,nspi_per_station_detected,21,1.0
nspi_compromised_signer_sensitivity_raw,flip_fraction_requested=0.25,nspi_per_station_detected,42,1.0
nspi_compromised_signer_sensitivity_raw,flip_fraction_requested=0.25,nspi_per_station_detected,99,1.0
nspi_compromised_signer_sensitivity_raw,flip_fraction_requested=0.25,nspi_per_station_detected,123,1.0
nspi_compromised_signer_sensitivity_raw,flip_fraction_requested=0.35,nspi_per_station_detected,7,1.0
nspi_compromised_signer_sensitivity_raw,flip_fraction_requested=0.35,nspi_per_station_detected,21,1.0
nspi_compromised_signer_sensitivity_raw,flip_fraction_requested=0.35,nspi_per_station_detected,42,1.0
nspi_compromised_signer_sensitivity_raw,flip_fraction_requested=0.35,nspi_per_station_detected,99,1.0
nspi_compromised_signer_sensitivity_raw,flip_fraction_requested=0.35,nspi_per_station_detected,123,1.0
nspi_compromised_signer_sensitivity_raw,flip_fraction_requested=0.5,nspi_per_station_detected,7,1.0
nspi_compromised_signer_sensitivity_raw,flip_fraction_requested=0.5,nspi_per_station_detected,21,1.0
nspi_compromised_signer_sensitivity_raw,flip_fraction_requested=0.5,nspi_per_station_detected,42,1.0
nspi_compromised_signer_sensitivity_raw,flip_fraction_requested=0.5,nspi_per_station_detected,99,1.0
nspi_compromised_signer_sensitivity_raw,flip_fraction_requested=0.5,nspi_per_station_detected,123,1.0
nspi_compromised_signer_sensitivity_raw,flip_fraction_requested=0.02,trusted_policy_oracle_detected,7,1.0
nspi_compromised_signer_sensitivity_raw,flip_fraction_requested=0.02,trusted_policy_oracle_detected,21,1.0
nspi_compromised_signer_sensitivity_raw,flip_fraction_requested=0.02,trusted_policy_oracle_detected,42,1.0
nspi_compromised_signer_sensitivity_raw,flip_fraction_requested=0.02,trusted_policy_oracle_detected,99,1.0
nspi_compromised_signer_sensitivity_raw,flip_fraction_requested=0.02,trusted_policy_oracle_detected,123,1.0
nspi_compromised_signer_sensitivity_raw,flip_fraction_requested=0.05,trusted_policy_oracle_detected,7,1.0
nspi_compromised_signer_sensitivity_raw,flip_fraction_requested=0.05,trusted_policy_oracle_detected,21,1.0
nspi_compromised_signer_sensitivity_raw,flip_fraction_requested=0.05,trusted_policy_oracle_detected,42,1.0
nspi_compromised_signer_sensitivity_raw,flip_fraction_requested=0.05,trusted_policy_oracle_detected,99,1.0
nspi_compromised_signer_sensitivity_raw,flip_fraction_requested=0.05,trusted_policy_oracle_detected,123,1.0
nspi_compromised_signer_sensitivity_raw,flip_fraction_requested=0.1,trusted_policy_oracle_detected,7,1.0
nspi_compromised_signer_sensitivity_raw,flip_fraction_requested=0.1,trusted_policy_oracle_detected,21,1.0
nspi_compromised_signer_sensitivity_raw,flip_fraction_requested=0.1,trusted_policy_oracle_detected,42,1.0
nspi_compromised_signer_sensitivity_raw,flip_fraction_requested=0.1,trusted_policy_oracle_detected,99,1.0
nspi_compromised_signer_sensitivity_raw,flip_fraction_requested=0.1,trusted_policy_oracle_detected,123,1.0
nspi_compromised_signer_sensitivity_raw,flip_fraction_requested=0.15,trusted_policy_oracle_detected,7,1.0
nspi_compromised_signer_sensitivity_raw,flip_fraction_requested=0.15,trusted_policy_oracle_detected,21,1.0
nspi_compromised_signer_sensitivity_raw,flip_fraction_requested=0.15,trusted_policy_oracle_detected,42,1.0
nspi_compromised_signer_sensitivity_raw,flip_fraction_requested=0.15,trusted_policy_oracle_detected,99,1.0
nspi_compromised_signer_sensitivity_raw,flip_fraction_requested=0.15,trusted_policy_oracle_detected,123,1.0
nspi_compromised_signer_sensitivity_raw,flip_fraction_requested=0.2,trusted_policy_oracle_detected,7,1.0
nspi_compromised_signer_sensitivity_raw,flip_fraction_requested=0.2,trusted_policy_oracle_detected,21,1.0
nspi_compromised_signer_sensitivity_raw,flip_fraction_requested=0.2,trusted_policy_oracle_detected,42,1.0
nspi_compromised_signer_sensitivity_raw,flip_fraction_requested=0.2,trusted_policy_oracle_detected,99,1.0
nspi_compromised_signer_sensitivity_raw,flip_fraction_requested=0.2,trusted_policy_oracle_detected,123,1.0
nspi_compromised_signer_sensitivity_raw,flip_fraction_requested=0.25,trusted_policy_oracle_detected,7,1.0
nspi_compromised_signer_sensitivity_raw,flip_fraction_requested=0.25,trusted_policy_oracle_detected,21,1.0
nspi_compromised_signer_sensitivity_raw,flip_fraction_requested=0.25,trusted_policy_oracle_detected,42,1.0
nspi_compromised_signer_sensitivity_raw,flip_fraction_requested=0.25,trusted_policy_oracle_detected,99,1.0
nspi_compromised_signer_sensitivity_raw,flip_fraction_requested=0.25,trusted_policy_oracle_detected,123,1.0
nspi_compromised_signer_sensitivity_raw,flip_fraction_requested=0.35,trusted_policy_oracle_detected,7,1.0
nspi_compromised_signer_sensitivity_raw,flip_fraction_requested=0.35,trusted_policy_oracle_detected,21,1.0
nspi_compromised_signer_sensitivity_raw,flip_fraction_requested=0.35,trusted_policy_oracle_detected,42,1.0
nspi_compromised_signer_sensitivity_raw,flip_fraction_requested=0.35,trusted_policy_oracle_detected,99,1.0
nspi_compromised_signer_sensitivity_raw,flip_fraction_requested=0.35,trusted_policy_oracle_detected,123,1.0
nspi_compromised_signer_sensitivity_raw,flip_fraction_requested=0.5,trusted_policy_oracle_detected,7,1.0
nspi_compromised_signer_sensitivity_raw,flip_fraction_requested=0.5,trusted_policy_oracle_detected,21,1.0
nspi_compromised_signer_sensitivity_raw,flip_fraction_requested=0.5,trusted_policy_oracle_detected,42,1.0
nspi_compromised_signer_sensitivity_raw,flip_fraction_requested=0.5,trusted_policy_oracle_detected,99,1.0
nspi_compromised_signer_sensitivity_raw,flip_fraction_requested=0.5,trusted_policy_oracle_detected,123,1.0
nspi_targeted_compromised_signer_raw,target_scope=district|flip_fraction_requested=0.1,nspi_per_station_detected,7,0.0
nspi_targeted_compromised_signer_raw,target_scope=district|flip_fraction_requested=0.1,nspi_per_station_detected,21,0.0
nspi_targeted_compromised_signer_raw,target_scope=district|flip_fraction_requested=0.1,nspi_per_station_detected,42,0.0
nspi_targeted_compromised_signer_raw,target_scope=district|flip_fraction_requested=0.1,nspi_per_station_detected,99,0.0
nspi_targeted_compromised_signer_raw,target_scope=district|flip_fraction_requested=0.1,nspi_per_station_detected,123,0.0
nspi_targeted_compromised_signer_raw,target_scope=district|flip_fraction_requested=0.25,nspi_per_station_detected,7,1.0
nspi_targeted_compromised_signer_raw,target_scope=district|flip_fraction_requested=0.25,nspi_per_station_detected,21,1.0
nspi_targeted_compromised_signer_raw,target_scope=district|flip_fraction_requested=0.25,nspi_per_station_detected,42,1.0
nspi_targeted_compromised_signer_raw,target_scope=district|flip_fraction_requested=0.25,nspi_per_station_detected,99,1.0
nspi_targeted_compromised_signer_raw,target_scope=district|flip_fraction_requested=0.25,nspi_per_station_detected,123,0.0
nspi_targeted_compromised_signer_raw,target_scope=district|flip_fraction_requested=0.5,nspi_per_station_detected,7,1.0
nspi_targeted_compromised_signer_raw,target_scope=district|flip_fraction_requested=0.5,nspi_per_station_detected,21,1.0
nspi_targeted_compromised_signer_raw,target_scope=district|flip_fraction_requested=0.5,nspi_per_station_detected,42,1.0
nspi_targeted_compromised_signer_raw,target_scope=district|flip_fraction_requested=0.5,nspi_per_station_detected,99,1.0
nspi_targeted_compromised_signer_raw,target_scope=district|flip_fraction_requested=0.5,nspi_per_station_detected,123,1.0
nspi_targeted_compromised_signer_raw,target_scope=district|flip_fraction_requested=0.75,nspi_per_station_detected,7,1.0
nspi_targeted_compromised_signer_raw,target_scope=district|flip_fraction_requested=0.75,nspi_per_station_detected,21,1.0
nspi_targeted_compromised_signer_raw,target_scope=district|flip_fraction_requested=0.75,nspi_per_station_detected,42,1.0
nspi_targeted_compromised_signer_raw,target_scope=district|flip_fraction_requested=0.75,nspi_per_station_detected,99,1.0
nspi_targeted_compromised_signer_raw,target_scope=district|flip_fraction_requested=0.75,nspi_per_station_detected,123,1.0
nspi_targeted_compromised_signer_raw,target_scope=district|flip_fraction_requested=1.0,nspi_per_station_detected,7,1.0
nspi_targeted_compromised_signer_raw,target_scope=district|flip_fraction_requested=1.0,nspi_per_station_detected,21,1.0
nspi_targeted_compromised_signer_raw,target_scope=district|flip_fraction_requested=1.0,nspi_per_station_detected,42,1.0
nspi_targeted_compromised_signer_raw,target_scope=district|flip_fraction_requested=1.0,nspi_per_station_detected,99,1.0
nspi_targeted_compromised_signer_raw,target_scope=district|flip_fraction_requested=1.0,nspi_per_station_detected,123,1.0
nspi_targeted_compromised_signer_raw,target_scope=station|flip_fraction_requested=0.1,nspi_per_station_detected,7,0.0
nspi_targeted_compromised_signer_raw,target_scope=station|flip_fraction_requested=0.1,nspi_per_station_detected,21,0.0
nspi_targeted_compromised_signer_raw,target_scope=station|flip_fraction_requested=0.1,nspi_per_station_detected,42,0.0
nspi_targeted_compromised_signer_raw,target_scope=station|flip_fraction_requested=0.1,nspi_per_station_detected,99,0.0
nspi_targeted_compromised_signer_raw,target_scope=station|flip_fraction_requested=0.1,nspi_per_station_detected,123,0.0
nspi_targeted_compromised_signer_raw,target_scope=station|flip_fraction_requested=0.25,nspi_per_station_detected,7,0.0
nspi_targeted_compromised_signer_raw,target_scope=station|flip_fraction_requested=0.25,nspi_per_station_detected,21,1.0
nspi_targeted_compromised_signer_raw,target_scope=station|flip_fraction_requested=0.25,nspi_per_station_detected,42,1.0
nspi_targeted_compromised_signer_raw,target_scope=station|flip_fraction_requested=0.25,nspi_per_station_detected,99,1.0
nspi_targeted_compromised_signer_raw,target_scope=station|flip_fraction_requested=0.25,nspi_per_station_detected,123,0.0
nspi_targeted_compromised_signer_raw,target_scope=station|flip_fraction_requested=0.5,nspi_per_station_detected,7,1.0
nspi_targeted_compromised_signer_raw,target_scope=station|flip_fraction_requested=0.5,nspi_per_station_detected,21,1.0
nspi_targeted_compromised_signer_raw,target_scope=station|flip_fraction_requested=0.5,nspi_per_station_detected,42,1.0
nspi_targeted_compromised_signer_raw,target_scope=station|flip_fraction_requested=0.5,nspi_per_station_detected,99,1.0
nspi_targeted_compromised_signer_raw,target_scope=station|flip_fraction_requested=0.5,nspi_per_station_detected,123,1.0
nspi_targeted_compromised_signer_raw,target_scope=station|flip_fraction_requested=0.75,nspi_per_station_detected,7,1.0
nspi_targeted_compromised_signer_raw,target_scope=station|flip_fraction_requested=0.75,nspi_per_station_detected,21,1.0
nspi_targeted_compromised_signer_raw,target_scope=station|flip_fraction_requested=0.75,nspi_per_station_detected,42,1.0
nspi_targeted_compromised_signer_raw,target_scope=station|flip_fraction_requested=0.75,nspi_per_station_detected,99,1.0
nspi_targeted_compromised_signer_raw,target_scope=station|flip_fraction_requested=0.75,nspi_per_station_detected,123,1.0
nspi_targeted_compromised_signer_raw,target_scope=station|flip_fraction_requested=1.0,nspi_per_station_detected,7,1.0
nspi_targeted_compromised_signer_raw,target_scope=station|flip_fraction_requested=1.0,nspi_per_station_detected,21,1.0
nspi_targeted_compromised_signer_raw,target_scope=station|flip_fraction_requested=1.0,nspi_per_station_detected,42,1.0
nspi_targeted_compromised_signer_raw,target_scope=station|flip_fraction_requested=1.0,nspi_per_station_detected,99,1.0
nspi_targeted_compromised_signer_raw,target_scope=station|flip_fraction_requested=1.0,nspi_per_station_detected,123,1.0
nspi_targeted_compromised_signer_raw,target_scope=district|flip_fraction_requested=0.1,nspi_per_district_detected,7,0.0
nspi_targeted_compromised_signer_raw,target_scope=district|flip_fraction_requested=0.1,nspi_per_district_detected,21,0.0
nspi_targeted_compromised_signer_raw,target_scope=district|flip_fraction_requested=0.1,nspi_per_district_detected,42,0.0
nspi_targeted_compromised_signer_raw,target_scope=district|flip_fraction_requested=0.1,nspi_per_district_detected,99,0.0
nspi_targeted_compromised_signer_raw,target_scope=district|flip_fraction_requested=0.1,nspi_per_district_detected,123,0.0
nspi_targeted_compromised_signer_raw,target_scope=district|flip_fraction_requested=0.25,nspi_per_district_detected,7,1.0
nspi_targeted_compromised_signer_raw,target_scope=district|flip_fraction_requested=0.25,nspi_per_district_detected,21,1.0
nspi_targeted_compromised_signer_raw,target_scope=district|flip_fraction_requested=0.25,nspi_per_district_detected,42,1.0
nspi_targeted_compromised_signer_raw,target_scope=district|flip_fraction_requested=0.25,nspi_per_district_detected,99,1.0
nspi_targeted_compromised_signer_raw,target_scope=district|flip_fraction_requested=0.25,nspi_per_district_detected,123,1.0
nspi_targeted_compromised_signer_raw,target_scope=district|flip_fraction_requested=0.5,nspi_per_district_detected,7,1.0
nspi_targeted_compromised_signer_raw,target_scope=district|flip_fraction_requested=0.5,nspi_per_district_detected,21,1.0
nspi_targeted_compromised_signer_raw,target_scope=district|flip_fraction_requested=0.5,nspi_per_district_detected,42,1.0
nspi_targeted_compromised_signer_raw,target_scope=district|flip_fraction_requested=0.5,nspi_per_district_detected,99,1.0
nspi_targeted_compromised_signer_raw,target_scope=district|flip_fraction_requested=0.5,nspi_per_district_detected,123,1.0
nspi_targeted_compromised_signer_raw,target_scope=district|flip_fraction_requested=0.75,nspi_per_district_detected,7,1.0
nspi_targeted_compromised_signer_raw,target_scope=district|flip_fraction_requested=0.75,nspi_per_district_detected,21,1.0
nspi_targeted_compromised_signer_raw,target_scope=district|flip_fraction_requested=0.75,nspi_per_district_detected,42,1.0
nspi_targeted_compromised_signer_raw,target_scope=district|flip_fraction_requested=0.75,nspi_per_district_detected,99,1.0
nspi_targeted_compromised_signer_raw,target_scope=district|flip_fraction_requested=0.75,nspi_per_district_detected,123,1.0
nspi_targeted_compromised_signer_raw,target_scope=district|flip_fraction_requested=1.0,nspi_per_district_detected,7,1.0
nspi_targeted_compromised_signer_raw,target_scope=district|flip_fraction_requested=1.0,nspi_per_district_detected,21,1.0
nspi_targeted_compromised_signer_raw,target_scope=district|flip_fraction_requested=1.0,nspi_per_district_detected,42,1.0
nspi_targeted_compromised_signer_raw,target_scope=district|flip_fraction_requested=1.0,nspi_per_district_detected,99,1.0
nspi_targeted_compromised_signer_raw,target_scope=district|flip_fraction_requested=1.0,nspi_per_district_detected,123,1.0
nspi_targeted_compromised_signer_raw,target_scope=station|flip_fraction_requested=0.1,nspi_per_district_detected,7,0.0
nspi_targeted_compromised_signer_raw,target_scope=station|flip_fraction_requested=0.1,nspi_per_district_detected,21,0.0
nspi_targeted_compromised_signer_raw,target_scope=station|flip_fraction_requested=0.1,nspi_per_district_detected,42,0.0
nspi_targeted_compromised_signer_raw,target_scope=station|flip_fraction_requested=0.1,nspi_per_district_detected,99,0.0
nspi_targeted_compromised_signer_raw,target_scope=station|flip_fraction_requested=0.1,nspi_per_district_detected,123,0.0
nspi_targeted_compromised_signer_raw,target_scope=station|flip_fraction_requested=0.25,nspi_per_district_detected,7,0.0
nspi_targeted_compromised_signer_raw,target_scope=station|flip_fraction_requested=0.25,nspi_per_district_detected,21,0.0
nspi_targeted_compromised_signer_raw,target_scope=station|flip_fraction_requested=0.25,nspi_per_district_detected,42,0.0
nspi_targeted_compromised_signer_raw,target_scope=station|flip_fraction_requested=0.25,nspi_per_district_detected,99,1.0
nspi_targeted_compromised_signer_raw,target_scope=station|flip_fraction_requested=0.25,nspi_per_district_detected,123,0.0
nspi_targeted_compromised_signer_raw,target_scope=station|flip_fraction_requested=0.5,nspi_per_district_detected,7,1.0
nspi_targeted_compromised_signer_raw,target_scope=station|flip_fraction_requested=0.5,nspi_per_district_detected,21,1.0
nspi_targeted_compromised_signer_raw,target_scope=station|flip_fraction_requested=0.5,nspi_per_district_detected,42,1.0
nspi_targeted_compromised_signer_raw,target_scope=station|flip_fraction_requested=0.5,nspi_per_district_detected,99,1.0
nspi_targeted_compromised_signer_raw,target_scope=station|flip_fraction_requested=0.5,nspi_per_district_detected,123,0.0
nspi_targeted_compromised_signer_raw,target_scope=station|flip_fraction_requested=0.75,nspi_per_district_detected,7,1.0
nspi_targeted_compromised_signer_raw,target_scope=station|flip_fraction_requested=0.75,nspi_per_district_detected,21,1.0
nspi_targeted_compromised_signer_raw,target_scope=station|flip_fraction_requested=0.75,nspi_per_district_detected,42,1.0
nspi_targeted_compromised_signer_raw,target_scope=station|flip_fraction_requested=0.75,nspi_per_district_detected,99,1.0
nspi_targeted_compromised_signer_raw,target_scope=station|flip_fraction_requested=0.75,nspi_per_district_detected,123,1.0
nspi_targeted_compromised_signer_raw,target_scope=station|flip_fraction_requested=1.0,nspi_per_district_detected,7,1.0
nspi_targeted_compromised_signer_raw,target_scope=station|flip_fraction_requested=1.0,nspi_per_district_detected,21,1.0
nspi_targeted_compromised_signer_raw,target_scope=station|flip_fraction_requested=1.0,nspi_per_district_detected,42,1.0
nspi_targeted_compromised_signer_raw,target_scope=station|flip_fraction_requested=1.0,nspi_per_district_detected,99,1.0
nspi_targeted_compromised_signer_raw,target_scope=station|flip_fraction_requested=1.0,nspi_per_district_detected,123,1.0
nspi_targeted_compromised_signer_raw,target_scope=district|flip_fraction_requested=0.1,trusted_policy_oracle_detected,7,1.0
nspi_targeted_compromised_signer_raw,target_scope=district|flip_fraction_requested=0.1,trusted_policy_oracle_detected,21,1.0
nspi_targeted_compromised_signer_raw,target_scope=district|flip_fraction_requested=0.1,trusted_policy_oracle_detected,42,1.0
nspi_targeted_compromised_signer_raw,target_scope=district|flip_fraction_requested=0.1,trusted_policy_oracle_detected,99,1.0
nspi_targeted_compromised_signer_raw,target_scope=district|flip_fraction_requested=0.1,trusted_policy_oracle_detected,123,1.0
nspi_targeted_compromised_signer_raw,target_scope=district|flip_fraction_requested=0.25,trusted_policy_oracle_detected,7,1.0
nspi_targeted_compromised_signer_raw,target_scope=district|flip_fraction_requested=0.25,trusted_policy_oracle_detected,21,1.0
nspi_targeted_compromised_signer_raw,target_scope=district|flip_fraction_requested=0.25,trusted_policy_oracle_detected,42,1.0
nspi_targeted_compromised_signer_raw,target_scope=district|flip_fraction_requested=0.25,trusted_policy_oracle_detected,99,1.0
nspi_targeted_compromised_signer_raw,target_scope=district|flip_fraction_requested=0.25,trusted_policy_oracle_detected,123,1.0
nspi_targeted_compromised_signer_raw,target_scope=district|flip_fraction_requested=0.5,trusted_policy_oracle_detected,7,1.0
nspi_targeted_compromised_signer_raw,target_scope=district|flip_fraction_requested=0.5,trusted_policy_oracle_detected,21,1.0
nspi_targeted_compromised_signer_raw,target_scope=district|flip_fraction_requested=0.5,trusted_policy_oracle_detected,42,1.0
nspi_targeted_compromised_signer_raw,target_scope=district|flip_fraction_requested=0.5,trusted_policy_oracle_detected,99,1.0
nspi_targeted_compromised_signer_raw,target_scope=district|flip_fraction_requested=0.5,trusted_policy_oracle_detected,123,1.0
nspi_targeted_compromised_signer_raw,target_scope=district|flip_fraction_requested=0.75,trusted_policy_oracle_detected,7,1.0
nspi_targeted_compromised_signer_raw,target_scope=district|flip_fraction_requested=0.75,trusted_policy_oracle_detected,21,1.0
nspi_targeted_compromised_signer_raw,target_scope=district|flip_fraction_requested=0.75,trusted_policy_oracle_detected,42,1.0
nspi_targeted_compromised_signer_raw,target_scope=district|flip_fraction_requested=0.75,trusted_policy_oracle_detected,99,1.0
nspi_targeted_compromised_signer_raw,target_scope=district|flip_fraction_requested=0.75,trusted_policy_oracle_detected,123,1.0
nspi_targeted_compromised_signer_raw,target_scope=district|flip_fraction_requested=1.0,trusted_policy_oracle_detected,7,1.0
nspi_targeted_compromised_signer_raw,target_scope=district|flip_fraction_requested=1.0,trusted_policy_oracle_detected,21,1.0
nspi_targeted_compromised_signer_raw,target_scope=district|flip_fraction_requested=1.0,trusted_policy_oracle_detected,42,1.0
nspi_targeted_compromised_signer_raw,target_scope=district|flip_fraction_requested=1.0,trusted_policy_oracle_detected,99,1.0
nspi_targeted_compromised_signer_raw,target_scope=district|flip_fraction_requested=1.0,trusted_policy_oracle_detected,123,1.0
nspi_targeted_compromised_signer_raw,target_scope=station|flip_fraction_requested=0.1,trusted_policy_oracle_detected,7,1.0
nspi_targeted_compromised_signer_raw,target_scope=station|flip_fraction_requested=0.1,trusted_policy_oracle_detected,21,1.0
nspi_targeted_compromised_signer_raw,target_scope=station|flip_fraction_requested=0.1,trusted_policy_oracle_detected,42,1.0
nspi_targeted_compromised_signer_raw,target_scope=station|flip_fraction_requested=0.1,trusted_policy_oracle_detected,99,1.0
nspi_targeted_compromised_signer_raw,target_scope=station|flip_fraction_requested=0.1,trusted_policy_oracle_detected,123,1.0
nspi_targeted_compromised_signer_raw,target_scope=station|flip_fraction_requested=0.25,trusted_policy_oracle_detected,7,1.0
nspi_targeted_compromised_signer_raw,target_scope=station|flip_fraction_requested=0.25,trusted_policy_oracle_detected,21,1.0
nspi_targeted_compromised_signer_raw,target_scope=station|flip_fraction_requested=0.25,trusted_policy_oracle_detected,42,1.0
nspi_targeted_compromised_signer_raw,target_scope=station|flip_fraction_requested=0.25,trusted_policy_oracle_detected,99,1.0
nspi_targeted_compromised_signer_raw,target_scope=station|flip_fraction_requested=0.25,trusted_policy_oracle_detected,123,1.0
nspi_targeted_compromised_signer_raw,target_scope=station|flip_fraction_requested=0.5,trusted_policy_oracle_detected,7,1.0
nspi_targeted_compromised_signer_raw,target_scope=station|flip_fraction_requested=0.5,trusted_policy_oracle_detected,21,1.0
nspi_targeted_compromised_signer_raw,target_scope=station|flip_fraction_requested=0.5,trusted_policy_oracle_detected,42,1.0
nspi_targeted_compromised_signer_raw,target_scope=station|flip_fraction_requested=0.5,trusted_policy_oracle_detected,99,1.0
nspi_targeted_compromised_signer_raw,target_scope=station|flip_fraction_requested=0.5,trusted_policy_oracle_detected,123,1.0
nspi_targeted_compromised_signer_raw,target_scope=station|flip_fraction_requested=0.75,trusted_policy_oracle_detected,7,1.0
nspi_targeted_compromised_signer_raw,target_scope=station|flip_fraction_requested=0.75,trusted_policy_oracle_detected,21,1.0
nspi_targeted_compromised_signer_raw,target_scope=station|flip_fraction_requested=0.75,trusted_policy_oracle_detected,42,1.0
nspi_targeted_compromised_signer_raw,target_scope=station|flip_fraction_requested=0.75,trusted_policy_oracle_detected,99,1.0
nspi_targeted_compromised_signer_raw,target_scope=station|flip_fraction_requested=0.75,trusted_policy_oracle_detected,123,1.0
nspi_targeted_compromised_signer_raw,target_scope=station|flip_fraction_requested=1.0,trusted_policy_oracle_detected,7,1.0
nspi_targeted_compromised_signer_raw,target_scope=station|flip_fraction_requested=1.0,trusted_policy_oracle_detected,21,1.0
nspi_targeted_compromised_signer_raw,target_scope=station|flip_fraction_requested=1.0,trusted_policy_oracle_detected,42,1.0
nspi_targeted_compromised_signer_raw,target_scope=station|flip_fraction_requested=1.0,trusted_policy_oracle_detected,99,1.0
nspi_targeted_compromised_signer_raw,target_scope=station|flip_fraction_requested=1.0,trusted_policy_oracle_detected,123,1.0
workload_policy_stress_raw,arm=mix_high_approval_missing|num_requests=1000,cs_f25_nspi_global_detect,7,1.0
workload_policy_stress_raw,arm=mix_high_approval_missing|num_requests=1000,cs_f25_nspi_global_detect,21,1.0
workload_policy_stress_raw,arm=mix_high_approval_missing|num_requests=1000,cs_f25_nspi_global_detect,42,1.0
workload_policy_stress_raw,arm=mix_high_approval_missing|num_requests=1000,cs_f25_nspi_global_detect,99,1.0
workload_policy_stress_raw,arm=mix_high_approval_missing|num_requests=1000,cs_f25_nspi_global_detect,123,1.0
workload_policy_stress_raw,arm=mix_high_classified_proxy|num_requests=1000,cs_f25_nspi_global_detect,7,1.0
workload_policy_stress_raw,arm=mix_high_classified_proxy|num_requests=1000,cs_f25_nspi_global_detect,21,1.0
workload_policy_stress_raw,arm=mix_high_classified_proxy|num_requests=1000,cs_f25_nspi_global_detect,42,1.0
workload_policy_stress_raw,arm=mix_high_classified_proxy|num_requests=1000,cs_f25_nspi_global_detect,99,1.0
workload_policy_stress_raw,arm=mix_high_classified_proxy|num_requests=1000,cs_f25_nspi_global_detect,123,1.0
workload_policy_stress_raw,arm=mix_high_cross_jurisdiction|num_requests=1000,cs_f25_nspi_global_detect,7,1.0
workload_policy_stress_raw,arm=mix_high_cross_jurisdiction|num_requests=1000,cs_f25_nspi_global_detect,21,1.0
workload_policy_stress_raw,arm=mix_high_cross_jurisdiction|num_requests=1000,cs_f25_nspi_global_detect,42,1.0
workload_policy_stress_raw,arm=mix_high_cross_jurisdiction|num_requests=1000,cs_f25_nspi_global_detect,99,1.0
workload_policy_stress_raw,arm=mix_high_cross_jurisdiction|num_requests=1000,cs_f25_nspi_global_detect,123,1.0
workload_policy_stress_raw,arm=mix_high_revoked_credential|num_requests=1000,cs_f25_nspi_global_detect,7,1.0
workload_policy_stress_raw,arm=mix_high_revoked_credential|num_requests=1000,cs_f25_nspi_global_detect,21,1.0
workload_policy_stress_raw,arm=mix_high_revoked_credential|num_requests=1000,cs_f25_nspi_global_detect,42,1.0
workload_policy_stress_raw,arm=mix_high_revoked_credential|num_requests=1000,cs_f25_nspi_global_detect,99,1.0
workload_policy_stress_raw,arm=mix_high_revoked_credential|num_requests=1000,cs_f25_nspi_global_detect,123,1.0
workload_policy_stress_raw,arm=size_baseline|num_requests=500,cs_f25_nspi_global_detect,7,1.0
workload_policy_stress_raw,arm=size_baseline|num_requests=500,cs_f25_nspi_global_detect,21,1.0
workload_policy_stress_raw,arm=size_baseline|num_requests=500,cs_f25_nspi_global_detect,42,1.0
workload_policy_stress_raw,arm=size_baseline|num_requests=500,cs_f25_nspi_global_detect,99,1.0
workload_policy_stress_raw,arm=size_baseline|num_requests=500,cs_f25_nspi_global_detect,123,1.0
workload_policy_stress_raw,arm=size_baseline|num_requests=1000,cs_f25_nspi_global_detect,7,1.0
workload_policy_stress_raw,arm=size_baseline|num_requests=1000,cs_f25_nspi_global_detect,21,1.0
workload_policy_stress_raw,arm=size_baseline|num_requests=1000,cs_f25_nspi_global_detect,42,1.0
workload_policy_stress_raw,arm=size_baseline|num_requests=1000,cs_f25_nspi_global_detect,99,1.0
workload_policy_stress_raw,arm=size_baseline|num_requests=1000,cs_f25_nspi_global_detect,123,1.0
workload_policy_stress_raw,arm=size_baseline|num_requests=2500,cs_f25_nspi_global_detect,7,1.0
workload_policy_stress_raw,arm=size_baseline|num_requests=2500,cs_f25_nspi_global_detect,21,1.0
workload_policy_stress_raw,arm=size_baseline|num_requests=2500,cs_f25_nspi_global_detect,42,1.0
workload_policy_stress_raw,arm=size_baseline|num_requests=2500,cs_f25_nspi_global_detect,99,1.0
workload_policy_stress_raw,arm=size_baseline|num_requests=2500,cs_f25_nspi_global_detect,123,1.0
workload_policy_stress_raw,arm=size_baseline|num_requests=5000,cs_f25_nspi_global_detect,7,1.0
workload_policy_stress_raw,arm=size_baseline|num_requests=5000,cs_f25_nspi_global_detect,21,1.0
workload_policy_stress_raw,arm=size_baseline|num_requests=5000,cs_f25_nspi_global_detect,42,1.0
workload_policy_stress_raw,arm=size_baseline|num_requests=5000,cs_f25_nspi_global_detect,99,1.0
workload_policy_stress_raw,arm=size_baseline|num_requests=5000,cs_f25_nspi_global_detect,123,1.0
workload_policy_stress_raw,arm=mix_high_approval_missing|num_requests=1000,cs_f25_trusted_oracle_detect,7,1.0
workload_policy_stress_raw,arm=mix_high_approval_missing|num_requests=1000,cs_f25_trusted_oracle_detect,21,1.0
workload_policy_stress_raw,arm=mix_high_approval_missing|num_requests=1000,cs_f25_trusted_oracle_detect,42,1.0
workload_policy_stress_raw,arm=mix_high_approval_missing|num_requests=1000,cs_f25_trusted_oracle_detect,99,1.0
workload_policy_stress_raw,arm=mix_high_approval_missing|num_requests=1000,cs_f25_trusted_oracle_detect,123,1.0
workload_policy_stress_raw,arm=mix_high_classified_proxy|num_requests=1000,cs_f25_trusted_oracle_detect,7,1.0
workload_policy_stress_raw,arm=mix_high_classified_proxy|num_requests=1000,cs_f25_trusted_oracle_detect,21,1.0
workload_policy_stress_raw,arm=mix_high_classified_proxy|num_requests=1000,cs_f25_trusted_oracle_detect,42,1.0
workload_policy_stress_raw,arm=mix_high_classified_proxy|num_requests=1000,cs_f25_trusted_oracle_detect,99,1.0
workload_policy_stress_raw,arm=mix_high_classified_proxy|num_requests=1000,cs_f25_trusted_oracle_detect,123,1.0
workload_policy_stress_raw,arm=mix_high_cross_jurisdiction|num_requests=1000,cs_f25_trusted_oracle_detect,7,1.0
workload_policy_stress_raw,arm=mix_high_cross_jurisdiction|num_requests=1000,cs_f25_trusted_oracle_detect,21,1.0
workload_policy_stress_raw,arm=mix_high_cross_jurisdiction|num_requests=1000,cs_f25_trusted_oracle_detect,42,1.0
workload_policy_stress_raw,arm=mix_high_cross_jurisdiction|num_requests=1000,cs_f25_trusted_oracle_detect,99,1.0
workload_policy_stress_raw,arm=mix_high_cross_jurisdiction|num_requests=1000,cs_f25_trusted_oracle_detect,123,1.0
workload_policy_stress_raw,arm=mix_high_revoked_credential|num_requests=1000,cs_f25_trusted_oracle_detect,7,1.0
workload_policy_stress_raw,arm=mix_high_revoked_credential|num_requests=1000,cs_f25_trusted_oracle_detect,21,1.0
workload_policy_stress_raw,arm=mix_high_revoked_credential|num_requests=1000,cs_f25_trusted_oracle_detect,42,1.0
workload_policy_stress_raw,arm=mix_high_revoked_credential|num_requests=1000,cs_f25_trusted_oracle_detect,99,1.0
workload_policy_stress_raw,arm=mix_high_revoked_credential|num_requests=1000,cs_f25_trusted_oracle_detect,123,1.0
workload_policy_stress_raw,arm=size_baseline|num_requests=500,cs_f25_trusted_oracle_detect,7,1.0
workload_policy_stress_raw,arm=size_baseline|num_requests=500,cs_f25_trusted_oracle_detect,21,1.0
workload_policy_stress_raw,arm=size_baseline|num_requests=500,cs_f25_trusted_oracle_detect,42,1.0
workload_policy_stress_raw,arm=size_baseline|num_requests=500,cs_f25_trusted_oracle_detect,99,1.0
workload_policy_stress_raw,arm=size_baseline|num_requests=500,cs_f25_trusted_oracle_detect,123,1.0
workload_policy_stress_raw,arm=size_baseline|num_requests=1000,cs_f25_trusted_oracle_detect,7,1.0
workload_policy_stress_raw,arm=size_baseline|num_requests=1000,cs_f25_trusted_oracle_detect,21,1.0
workload_policy_stress_raw,arm=size_baseline|num_requests=1000,cs_f25_trusted_oracle_detect,42,1.0
workload_policy_stress_raw,arm=size_baseline|num_requests=1000,cs_f25_trusted_oracle_detect,99,1.0
workload_policy_stress_raw,arm=size_baseline|num_requests=1000,cs_f25_trusted_oracle_detect,123,1.0
workload_policy_stress_raw,arm=size_baseline|num_requests=2500,cs_f25_trusted_oracle_detect,7,1.0
workload_policy_stress_raw,arm=size_baseline|num_requests=2500,cs_f25_trusted_oracle_detect,21,1.0
workload_policy_stress_raw,arm=size_baseline|num_requests=2500,cs_f25_trusted_oracle_detect,42,1.0
workload_policy_stress_raw,arm=size_baseline|num_requests=2500,cs_f25_trusted_oracle_detect,99,1.0
workload_policy_stress_raw,arm=size_baseline|num_requests=2500,cs_f25_trusted_oracle_detect,123,1.0
workload_policy_stress_raw,arm=size_baseline|num_requests=5000,cs_f25_trusted_oracle_detect,7,1.0
workload_policy_stress_raw,arm=size_baseline|num_requests=5000,cs_f25_trusted_oracle_detect,21,1.0
workload_policy_stress_raw,arm=size_baseline|num_requests=5000,cs_f25_trusted_oracle_detect,42,1.0
workload_policy_stress_raw,arm=size_baseline|num_requests=5000,cs_f25_trusted_oracle_detect,99,1.0
workload_policy_stress_raw,arm=size_baseline|num_requests=5000,cs_f25_trusted_oracle_detect,123,1.0
workload_policy_stress_raw,arm=mix_high_approval_missing|num_requests=1000,cs_f25_signed_chain_detect,7,0.0
workload_policy_stress_raw,arm=mix_high_approval_missing|num_requests=1000,cs_f25_signed_chain_detect,21,0.0
workload_policy_stress_raw,arm=mix_high_approval_missing|num_requests=1000,cs_f25_signed_chain_detect,42,0.0
workload_policy_stress_raw,arm=mix_high_approval_missing|num_requests=1000,cs_f25_signed_chain_detect,99,0.0
workload_policy_stress_raw,arm=mix_high_approval_missing|num_requests=1000,cs_f25_signed_chain_detect,123,0.0
workload_policy_stress_raw,arm=mix_high_classified_proxy|num_requests=1000,cs_f25_signed_chain_detect,7,0.0
workload_policy_stress_raw,arm=mix_high_classified_proxy|num_requests=1000,cs_f25_signed_chain_detect,21,0.0
workload_policy_stress_raw,arm=mix_high_classified_proxy|num_requests=1000,cs_f25_signed_chain_detect,42,0.0
workload_policy_stress_raw,arm=mix_high_classified_proxy|num_requests=1000,cs_f25_signed_chain_detect,99,0.0
workload_policy_stress_raw,arm=mix_high_classified_proxy|num_requests=1000,cs_f25_signed_chain_detect,123,0.0
workload_policy_stress_raw,arm=mix_high_cross_jurisdiction|num_requests=1000,cs_f25_signed_chain_detect,7,0.0
workload_policy_stress_raw,arm=mix_high_cross_jurisdiction|num_requests=1000,cs_f25_signed_chain_detect,21,0.0
workload_policy_stress_raw,arm=mix_high_cross_jurisdiction|num_requests=1000,cs_f25_signed_chain_detect,42,0.0
workload_policy_stress_raw,arm=mix_high_cross_jurisdiction|num_requests=1000,cs_f25_signed_chain_detect,99,0.0
workload_policy_stress_raw,arm=mix_high_cross_jurisdiction|num_requests=1000,cs_f25_signed_chain_detect,123,0.0
workload_policy_stress_raw,arm=mix_high_revoked_credential|num_requests=1000,cs_f25_signed_chain_detect,7,0.0
workload_policy_stress_raw,arm=mix_high_revoked_credential|num_requests=1000,cs_f25_signed_chain_detect,21,0.0
workload_policy_stress_raw,arm=mix_high_revoked_credential|num_requests=1000,cs_f25_signed_chain_detect,42,0.0
workload_policy_stress_raw,arm=mix_high_revoked_credential|num_requests=1000,cs_f25_signed_chain_detect,99,0.0
workload_policy_stress_raw,arm=mix_high_revoked_credential|num_requests=1000,cs_f25_signed_chain_detect,123,0.0
workload_policy_stress_raw,arm=size_baseline|num_requests=500,cs_f25_signed_chain_detect,7,0.0
workload_policy_stress_raw,arm=size_baseline|num_requests=500,cs_f25_signed_chain_detect,21,0.0
workload_policy_stress_raw,arm=size_baseline|num_requests=500,cs_f25_signed_chain_detect,42,0.0
workload_policy_stress_raw,arm=size_baseline|num_requests=500,cs_f25_signed_chain_detect,99,0.0
workload_policy_stress_raw,arm=size_baseline|num_requests=500,cs_f25_signed_chain_detect,123,0.0
workload_policy_stress_raw,arm=size_baseline|num_requests=1000,cs_f25_signed_chain_detect,7,0.0
workload_policy_stress_raw,arm=size_baseline|num_requests=1000,cs_f25_signed_chain_detect,21,0.0
workload_policy_stress_raw,arm=size_baseline|num_requests=1000,cs_f25_signed_chain_detect,42,0.0
workload_policy_stress_raw,arm=size_baseline|num_requests=1000,cs_f25_signed_chain_detect,99,0.0
workload_policy_stress_raw,arm=size_baseline|num_requests=1000,cs_f25_signed_chain_detect,123,0.0
workload_policy_stress_raw,arm=size_baseline|num_requests=2500,cs_f25_signed_chain_detect,7,0.0
workload_policy_stress_raw,arm=size_baseline|num_requests=2500,cs_f25_signed_chain_detect,21,0.0
workload_policy_stress_raw,arm=size_baseline|num_requests=2500,cs_f25_signed_chain_detect,42,0.0
workload_policy_stress_raw,arm=size_baseline|num_requests=2500,cs_f25_signed_chain_detect,99,0.0
workload_policy_stress_raw,arm=size_baseline|num_requests=2500,cs_f25_signed_chain_detect,123,0.0
workload_policy_stress_raw,arm=size_baseline|num_requests=5000,cs_f25_signed_chain_detect,7,0.0
workload_policy_stress_raw,arm=size_baseline|num_requests=5000,cs_f25_signed_chain_detect,21,0.0
workload_policy_stress_raw,arm=size_baseline|num_requests=5000,cs_f25_signed_chain_detect,42,0.0
workload_policy_stress_raw,arm=size_baseline|num_requests=5000,cs_f25_signed_chain_detect,99,0.0
workload_policy_stress_raw,arm=size_baseline|num_requests=5000,cs_f25_signed_chain_detect,123,0.0
workload_policy_stress_raw,arm=mix_high_approval_missing|num_requests=1000,cs_f10_nspi_global_detect,7,1.0
workload_policy_stress_raw,arm=mix_high_approval_missing|num_requests=1000,cs_f10_nspi_global_detect,21,1.0
workload_policy_stress_raw,arm=mix_high_approval_missing|num_requests=1000,cs_f10_nspi_global_detect,42,1.0
workload_policy_stress_raw,arm=mix_high_approval_missing|num_requests=1000,cs_f10_nspi_global_detect,99,1.0
workload_policy_stress_raw,arm=mix_high_approval_missing|num_requests=1000,cs_f10_nspi_global_detect,123,1.0
workload_policy_stress_raw,arm=mix_high_classified_proxy|num_requests=1000,cs_f10_nspi_global_detect,7,1.0
workload_policy_stress_raw,arm=mix_high_classified_proxy|num_requests=1000,cs_f10_nspi_global_detect,21,1.0
workload_policy_stress_raw,arm=mix_high_classified_proxy|num_requests=1000,cs_f10_nspi_global_detect,42,1.0
workload_policy_stress_raw,arm=mix_high_classified_proxy|num_requests=1000,cs_f10_nspi_global_detect,99,1.0
workload_policy_stress_raw,arm=mix_high_classified_proxy|num_requests=1000,cs_f10_nspi_global_detect,123,1.0
workload_policy_stress_raw,arm=mix_high_cross_jurisdiction|num_requests=1000,cs_f10_nspi_global_detect,7,1.0
workload_policy_stress_raw,arm=mix_high_cross_jurisdiction|num_requests=1000,cs_f10_nspi_global_detect,21,1.0
workload_policy_stress_raw,arm=mix_high_cross_jurisdiction|num_requests=1000,cs_f10_nspi_global_detect,42,1.0
workload_policy_stress_raw,arm=mix_high_cross_jurisdiction|num_requests=1000,cs_f10_nspi_global_detect,99,1.0
workload_policy_stress_raw,arm=mix_high_cross_jurisdiction|num_requests=1000,cs_f10_nspi_global_detect,123,1.0
workload_policy_stress_raw,arm=mix_high_revoked_credential|num_requests=1000,cs_f10_nspi_global_detect,7,1.0
workload_policy_stress_raw,arm=mix_high_revoked_credential|num_requests=1000,cs_f10_nspi_global_detect,21,1.0
workload_policy_stress_raw,arm=mix_high_revoked_credential|num_requests=1000,cs_f10_nspi_global_detect,42,1.0
workload_policy_stress_raw,arm=mix_high_revoked_credential|num_requests=1000,cs_f10_nspi_global_detect,99,1.0
workload_policy_stress_raw,arm=mix_high_revoked_credential|num_requests=1000,cs_f10_nspi_global_detect,123,1.0
workload_policy_stress_raw,arm=size_baseline|num_requests=500,cs_f10_nspi_global_detect,7,0.0
workload_policy_stress_raw,arm=size_baseline|num_requests=500,cs_f10_nspi_global_detect,21,1.0
workload_policy_stress_raw,arm=size_baseline|num_requests=500,cs_f10_nspi_global_detect,42,0.0
workload_policy_stress_raw,arm=size_baseline|num_requests=500,cs_f10_nspi_global_detect,99,0.0
workload_policy_stress_raw,arm=size_baseline|num_requests=500,cs_f10_nspi_global_detect,123,0.0
workload_policy_stress_raw,arm=size_baseline|num_requests=1000,cs_f10_nspi_global_detect,7,1.0
workload_policy_stress_raw,arm=size_baseline|num_requests=1000,cs_f10_nspi_global_detect,21,1.0
workload_policy_stress_raw,arm=size_baseline|num_requests=1000,cs_f10_nspi_global_detect,42,1.0
workload_policy_stress_raw,arm=size_baseline|num_requests=1000,cs_f10_nspi_global_detect,99,1.0
workload_policy_stress_raw,arm=size_baseline|num_requests=1000,cs_f10_nspi_global_detect,123,1.0
workload_policy_stress_raw,arm=size_baseline|num_requests=2500,cs_f10_nspi_global_detect,7,1.0
workload_policy_stress_raw,arm=size_baseline|num_requests=2500,cs_f10_nspi_global_detect,21,1.0
workload_policy_stress_raw,arm=size_baseline|num_requests=2500,cs_f10_nspi_global_detect,42,1.0
workload_policy_stress_raw,arm=size_baseline|num_requests=2500,cs_f10_nspi_global_detect,99,1.0
workload_policy_stress_raw,arm=size_baseline|num_requests=2500,cs_f10_nspi_global_detect,123,1.0
workload_policy_stress_raw,arm=size_baseline|num_requests=5000,cs_f10_nspi_global_detect,7,1.0
workload_policy_stress_raw,arm=size_baseline|num_requests=5000,cs_f10_nspi_global_detect,21,1.0
workload_policy_stress_raw,arm=size_baseline|num_requests=5000,cs_f10_nspi_global_detect,42,1.0
workload_policy_stress_raw,arm=size_baseline|num_requests=5000,cs_f10_nspi_global_detect,99,1.0
workload_policy_stress_raw,arm=size_baseline|num_requests=5000,cs_f10_nspi_global_detect,123,1.0
workload_policy_stress_raw,arm=mix_high_approval_missing|num_requests=1000,cs_f10_nspi_per_station_detect,7,1.0
workload_policy_stress_raw,arm=mix_high_approval_missing|num_requests=1000,cs_f10_nspi_per_station_detect,21,1.0
workload_policy_stress_raw,arm=mix_high_approval_missing|num_requests=1000,cs_f10_nspi_per_station_detect,42,0.0
workload_policy_stress_raw,arm=mix_high_approval_missing|num_requests=1000,cs_f10_nspi_per_station_detect,99,1.0
workload_policy_stress_raw,arm=mix_high_approval_missing|num_requests=1000,cs_f10_nspi_per_station_detect,123,0.0
workload_policy_stress_raw,arm=mix_high_classified_proxy|num_requests=1000,cs_f10_nspi_per_station_detect,7,1.0
workload_policy_stress_raw,arm=mix_high_classified_proxy|num_requests=1000,cs_f10_nspi_per_station_detect,21,1.0
workload_policy_stress_raw,arm=mix_high_classified_proxy|num_requests=1000,cs_f10_nspi_per_station_detect,42,0.0
workload_policy_stress_raw,arm=mix_high_classified_proxy|num_requests=1000,cs_f10_nspi_per_station_detect,99,1.0
workload_policy_stress_raw,arm=mix_high_classified_proxy|num_requests=1000,cs_f10_nspi_per_station_detect,123,1.0
workload_policy_stress_raw,arm=mix_high_cross_jurisdiction|num_requests=1000,cs_f10_nspi_per_station_detect,7,0.0
workload_policy_stress_raw,arm=mix_high_cross_jurisdiction|num_requests=1000,cs_f10_nspi_per_station_detect,21,1.0
workload_policy_stress_raw,arm=mix_high_cross_jurisdiction|num_requests=1000,cs_f10_nspi_per_station_detect,42,1.0
workload_policy_stress_raw,arm=mix_high_cross_jurisdiction|num_requests=1000,cs_f10_nspi_per_station_detect,99,1.0
workload_policy_stress_raw,arm=mix_high_cross_jurisdiction|num_requests=1000,cs_f10_nspi_per_station_detect,123,1.0
workload_policy_stress_raw,arm=mix_high_revoked_credential|num_requests=1000,cs_f10_nspi_per_station_detect,7,0.0
workload_policy_stress_raw,arm=mix_high_revoked_credential|num_requests=1000,cs_f10_nspi_per_station_detect,21,1.0
workload_policy_stress_raw,arm=mix_high_revoked_credential|num_requests=1000,cs_f10_nspi_per_station_detect,42,1.0
workload_policy_stress_raw,arm=mix_high_revoked_credential|num_requests=1000,cs_f10_nspi_per_station_detect,99,1.0
workload_policy_stress_raw,arm=mix_high_revoked_credential|num_requests=1000,cs_f10_nspi_per_station_detect,123,1.0
workload_policy_stress_raw,arm=size_baseline|num_requests=500,cs_f10_nspi_per_station_detect,7,0.0
workload_policy_stress_raw,arm=size_baseline|num_requests=500,cs_f10_nspi_per_station_detect,21,0.0
workload_policy_stress_raw,arm=size_baseline|num_requests=500,cs_f10_nspi_per_station_detect,42,0.0
workload_policy_stress_raw,arm=size_baseline|num_requests=500,cs_f10_nspi_per_station_detect,99,0.0
workload_policy_stress_raw,arm=size_baseline|num_requests=500,cs_f10_nspi_per_station_detect,123,1.0
workload_policy_stress_raw,arm=size_baseline|num_requests=1000,cs_f10_nspi_per_station_detect,7,1.0
workload_policy_stress_raw,arm=size_baseline|num_requests=1000,cs_f10_nspi_per_station_detect,21,1.0
workload_policy_stress_raw,arm=size_baseline|num_requests=1000,cs_f10_nspi_per_station_detect,42,0.0
workload_policy_stress_raw,arm=size_baseline|num_requests=1000,cs_f10_nspi_per_station_detect,99,1.0
workload_policy_stress_raw,arm=size_baseline|num_requests=1000,cs_f10_nspi_per_station_detect,123,0.0
workload_policy_stress_raw,arm=size_baseline|num_requests=2500,cs_f10_nspi_per_station_detect,7,1.0
workload_policy_stress_raw,arm=size_baseline|num_requests=2500,cs_f10_nspi_per_station_detect,21,1.0
workload_policy_stress_raw,arm=size_baseline|num_requests=2500,cs_f10_nspi_per_station_detect,42,1.0
workload_policy_stress_raw,arm=size_baseline|num_requests=2500,cs_f10_nspi_per_station_detect,99,1.0
workload_policy_stress_raw,arm=size_baseline|num_requests=2500,cs_f10_nspi_per_station_detect,123,1.0
workload_policy_stress_raw,arm=size_baseline|num_requests=5000,cs_f10_nspi_per_station_detect,7,1.0
workload_policy_stress_raw,arm=size_baseline|num_requests=5000,cs_f10_nspi_per_station_detect,21,1.0
workload_policy_stress_raw,arm=size_baseline|num_requests=5000,cs_f10_nspi_per_station_detect,42,1.0
workload_policy_stress_raw,arm=size_baseline|num_requests=5000,cs_f10_nspi_per_station_detect,99,1.0
workload_policy_stress_raw,arm=size_baseline|num_requests=5000,cs_f10_nspi_per_station_detect,123,1.0
workload_policy_stress_raw,arm=mix_high_approval_missing|num_requests=1000,cf_validity,7,1.0
workload_policy_stress_raw,arm=mix_high_approval_missing|num_requests=1000,cf_validity,21,1.0
workload_policy_stress_raw,arm=mix_high_approval_missing|num_requests=1000,cf_validity,42,1.0
workload_policy_stress_raw,arm=mix_high_approval_missing|num_requests=1000,cf_validity,99,1.0
workload_policy_stress_raw,arm=mix_high_approval_missing|num_requests=1000,cf_validity,123,1.0
workload_policy_stress_raw,arm=mix_high_classified_proxy|num_requests=1000,cf_validity,7,1.0
workload_policy_stress_raw,arm=mix_high_classified_proxy|num_requests=1000,cf_validity,21,1.0
workload_policy_stress_raw,arm=mix_high_classified_proxy|num_requests=1000,cf_validity,42,1.0
workload_policy_stress_raw,arm=mix_high_classified_proxy|num_requests=1000,cf_validity,99,1.0
workload_policy_stress_raw,arm=mix_high_classified_proxy|num_requests=1000,cf_validity,123,1.0
workload_policy_stress_raw,arm=mix_high_cross_jurisdiction|num_requests=1000,cf_validity,7,1.0
workload_policy_stress_raw,arm=mix_high_cross_jurisdiction|num_requests=1000,cf_validity,21,1.0
workload_policy_stress_raw,arm=mix_high_cross_jurisdiction|num_requests=1000,cf_validity,42,1.0
workload_policy_stress_raw,arm=mix_high_cross_jurisdiction|num_requests=1000,cf_validity,99,1.0
workload_policy_stress_raw,arm=mix_high_cross_jurisdiction|num_requests=1000,cf_validity,123,1.0
workload_policy_stress_raw,arm=mix_high_revoked_credential|num_requests=1000,cf_validity,7,1.0
workload_policy_stress_raw,arm=mix_high_revoked_credential|num_requests=1000,cf_validity,21,1.0
workload_policy_stress_raw,arm=mix_high_revoked_credential|num_requests=1000,cf_validity,42,1.0
workload_policy_stress_raw,arm=mix_high_revoked_credential|num_requests=1000,cf_validity,99,1.0
workload_policy_stress_raw,arm=mix_high_revoked_credential|num_requests=1000,cf_validity,123,1.0
workload_policy_stress_raw,arm=size_baseline|num_requests=500,cf_validity,7,1.0
workload_policy_stress_raw,arm=size_baseline|num_requests=500,cf_validity,21,1.0
workload_policy_stress_raw,arm=size_baseline|num_requests=500,cf_validity,42,1.0
workload_policy_stress_raw,arm=size_baseline|num_requests=500,cf_validity,99,1.0
workload_policy_stress_raw,arm=size_baseline|num_requests=500,cf_validity,123,1.0
workload_policy_stress_raw,arm=size_baseline|num_requests=1000,cf_validity,7,1.0
workload_policy_stress_raw,arm=size_baseline|num_requests=1000,cf_validity,21,1.0
workload_policy_stress_raw,arm=size_baseline|num_requests=1000,cf_validity,42,1.0
workload_policy_stress_raw,arm=size_baseline|num_requests=1000,cf_validity,99,1.0
workload_policy_stress_raw,arm=size_baseline|num_requests=1000,cf_validity,123,1.0
workload_policy_stress_raw,arm=size_baseline|num_requests=2500,cf_validity,7,1.0
workload_policy_stress_raw,arm=size_baseline|num_requests=2500,cf_validity,21,1.0
workload_policy_stress_raw,arm=size_baseline|num_requests=2500,cf_validity,42,1.0
workload_policy_stress_raw,arm=size_baseline|num_requests=2500,cf_validity,99,1.0
workload_policy_stress_raw,arm=size_baseline|num_requests=2500,cf_validity,123,1.0
workload_policy_stress_raw,arm=size_baseline|num_requests=5000,cf_validity,7,1.0
workload_policy_stress_raw,arm=size_baseline|num_requests=5000,cf_validity,21,1.0
workload_policy_stress_raw,arm=size_baseline|num_requests=5000,cf_validity,42,1.0
workload_policy_stress_raw,arm=size_baseline|num_requests=5000,cf_validity,99,1.0
workload_policy_stress_raw,arm=size_baseline|num_requests=5000,cf_validity,123,1.0
workload_policy_stress_raw,arm=mix_high_approval_missing|num_requests=1000,nspi_train_accuracy,7,0.941
workload_policy_stress_raw,arm=mix_high_approval_missing|num_requests=1000,nspi_train_accuracy,21,0.954
workload_policy_stress_raw,arm=mix_high_approval_missing|num_requests=1000,nspi_train_accuracy,42,0.962
workload_policy_stress_raw,arm=mix_high_approval_missing|num_requests=1000,nspi_train_accuracy,99,0.959
workload_policy_stress_raw,arm=mix_high_approval_missing|num_requests=1000,nspi_train_accuracy,123,0.943
workload_policy_stress_raw,arm=mix_high_classified_proxy|num_requests=1000,nspi_train_accuracy,7,0.939
workload_policy_stress_raw,arm=mix_high_classified_proxy|num_requests=1000,nspi_train_accuracy,21,0.938
workload_policy_stress_raw,arm=mix_high_classified_proxy|num_requests=1000,nspi_train_accuracy,42,0.937
workload_policy_stress_raw,arm=mix_high_classified_proxy|num_requests=1000,nspi_train_accuracy,99,0.934
workload_policy_stress_raw,arm=mix_high_classified_proxy|num_requests=1000,nspi_train_accuracy,123,0.942
workload_policy_stress_raw,arm=mix_high_cross_jurisdiction|num_requests=1000,nspi_train_accuracy,7,0.958
workload_policy_stress_raw,arm=mix_high_cross_jurisdiction|num_requests=1000,nspi_train_accuracy,21,0.969
workload_policy_stress_raw,arm=mix_high_cross_jurisdiction|num_requests=1000,nspi_train_accuracy,42,0.959
workload_policy_stress_raw,arm=mix_high_cross_jurisdiction|num_requests=1000,nspi_train_accuracy,99,0.963
workload_policy_stress_raw,arm=mix_high_cross_jurisdiction|num_requests=1000,nspi_train_accuracy,123,0.935
workload_policy_stress_raw,arm=mix_high_revoked_credential|num_requests=1000,nspi_train_accuracy,7,0.954
workload_policy_stress_raw,arm=mix_high_revoked_credential|num_requests=1000,nspi_train_accuracy,21,0.964
workload_policy_stress_raw,arm=mix_high_revoked_credential|num_requests=1000,nspi_train_accuracy,42,0.952
workload_policy_stress_raw,arm=mix_high_revoked_credential|num_requests=1000,nspi_train_accuracy,99,0.94
workload_policy_stress_raw,arm=mix_high_revoked_credential|num_requests=1000,nspi_train_accuracy,123,0.95
workload_policy_stress_raw,arm=size_baseline|num_requests=500,nspi_train_accuracy,7,0.934
workload_policy_stress_raw,arm=size_baseline|num_requests=500,nspi_train_accuracy,21,0.938
workload_policy_stress_raw,arm=size_baseline|num_requests=500,nspi_train_accuracy,42,0.92
workload_policy_stress_raw,arm=size_baseline|num_requests=500,nspi_train_accuracy,99,0.91
workload_policy_stress_raw,arm=size_baseline|num_requests=500,nspi_train_accuracy,123,0.872
workload_policy_stress_raw,arm=size_baseline|num_requests=1000,nspi_train_accuracy,7,0.945
workload_policy_stress_raw,arm=size_baseline|num_requests=1000,nspi_train_accuracy,21,0.949
workload_policy_stress_raw,arm=size_baseline|num_requests=1000,nspi_train_accuracy,42,0.953
workload_policy_stress_raw,arm=size_baseline|num_requests=1000,nspi_train_accuracy,99,0.958
workload_policy_stress_raw,arm=size_baseline|num_requests=1000,nspi_train_accuracy,123,0.929
workload_policy_stress_raw,arm=size_baseline|num_requests=2500,nspi_train_accuracy,7,0.9632
workload_policy_stress_raw,arm=size_baseline|num_requests=2500,nspi_train_accuracy,21,0.9672
workload_policy_stress_raw,arm=size_baseline|num_requests=2500,nspi_train_accuracy,42,0.9716
workload_policy_stress_raw,arm=size_baseline|num_requests=2500,nspi_train_accuracy,99,0.9692
workload_policy_stress_raw,arm=size_baseline|num_requests=2500,nspi_train_accuracy,123,0.9688
workload_policy_stress_raw,arm=size_baseline|num_requests=5000,nspi_train_accuracy,7,0.9704
workload_policy_stress_raw,arm=size_baseline|num_requests=5000,nspi_train_accuracy,21,0.9746
workload_policy_stress_raw,arm=size_baseline|num_requests=5000,nspi_train_accuracy,42,0.9776
workload_policy_stress_raw,arm=size_baseline|num_requests=5000,nspi_train_accuracy,99,0.9736
workload_policy_stress_raw,arm=size_baseline|num_requests=5000,nspi_train_accuracy,123,0.9726
workload_policy_stress_raw,arm=mix_high_approval_missing|num_requests=1000,runtime_seconds,7,3.89
workload_policy_stress_raw,arm=mix_high_approval_missing|num_requests=1000,runtime_seconds,21,3.9
workload_policy_stress_raw,arm=mix_high_approval_missing|num_requests=1000,runtime_seconds,42,3.91
workload_policy_stress_raw,arm=mix_high_approval_missing|num_requests=1000,runtime_seconds,99,3.89
workload_policy_stress_raw,arm=mix_high_approval_missing|num_requests=1000,runtime_seconds,123,3.89
workload_policy_stress_raw,arm=mix_high_classified_proxy|num_requests=1000,runtime_seconds,7,3.95
workload_policy_stress_raw,arm=mix_high_classified_proxy|num_requests=1000,runtime_seconds,21,3.93
workload_policy_stress_raw,arm=mix_high_classified_proxy|num_requests=1000,runtime_seconds,42,3.9
workload_policy_stress_raw,arm=mix_high_classified_proxy|num_requests=1000,runtime_seconds,99,3.85
workload_policy_stress_raw,arm=mix_high_classified_proxy|num_requests=1000,runtime_seconds,123,3.86
workload_policy_stress_raw,arm=mix_high_cross_jurisdiction|num_requests=1000,runtime_seconds,7,4.0
workload_policy_stress_raw,arm=mix_high_cross_jurisdiction|num_requests=1000,runtime_seconds,21,3.99
workload_policy_stress_raw,arm=mix_high_cross_jurisdiction|num_requests=1000,runtime_seconds,42,3.94
workload_policy_stress_raw,arm=mix_high_cross_jurisdiction|num_requests=1000,runtime_seconds,99,3.95
workload_policy_stress_raw,arm=mix_high_cross_jurisdiction|num_requests=1000,runtime_seconds,123,3.96
workload_policy_stress_raw,arm=mix_high_revoked_credential|num_requests=1000,runtime_seconds,7,3.93
workload_policy_stress_raw,arm=mix_high_revoked_credential|num_requests=1000,runtime_seconds,21,3.86
workload_policy_stress_raw,arm=mix_high_revoked_credential|num_requests=1000,runtime_seconds,42,3.94
workload_policy_stress_raw,arm=mix_high_revoked_credential|num_requests=1000,runtime_seconds,99,3.87
workload_policy_stress_raw,arm=mix_high_revoked_credential|num_requests=1000,runtime_seconds,123,3.89
workload_policy_stress_raw,arm=size_baseline|num_requests=500,runtime_seconds,7,3.31
workload_policy_stress_raw,arm=size_baseline|num_requests=500,runtime_seconds,21,3.29
workload_policy_stress_raw,arm=size_baseline|num_requests=500,runtime_seconds,42,3.41
workload_policy_stress_raw,arm=size_baseline|num_requests=500,runtime_seconds,99,3.45
workload_policy_stress_raw,arm=size_baseline|num_requests=500,runtime_seconds,123,3.42
workload_policy_stress_raw,arm=size_baseline|num_requests=1000,runtime_seconds,7,4.06
workload_policy_stress_raw,arm=size_baseline|num_requests=1000,runtime_seconds,21,4.03
workload_policy_stress_raw,arm=size_baseline|num_requests=1000,runtime_seconds,42,3.94
workload_policy_stress_raw,arm=size_baseline|num_requests=1000,runtime_seconds,99,3.88
workload_policy_stress_raw,arm=size_baseline|num_requests=1000,runtime_seconds,123,3.89
workload_policy_stress_raw,arm=size_baseline|num_requests=2500,runtime_seconds,7,5.56
workload_policy_stress_raw,arm=size_baseline|num_requests=2500,runtime_seconds,21,5.57
workload_policy_stress_raw,arm=size_baseline|num_requests=2500,runtime_seconds,42,5.64
workload_policy_stress_raw,arm=size_baseline|num_requests=2500,runtime_seconds,99,5.69
workload_policy_stress_raw,arm=size_baseline|num_requests=2500,runtime_seconds,123,5.62
workload_policy_stress_raw,arm=size_baseline|num_requests=5000,runtime_seconds,7,8.93
workload_policy_stress_raw,arm=size_baseline|num_requests=5000,runtime_seconds,21,8.56
workload_policy_stress_raw,arm=size_baseline|num_requests=5000,runtime_seconds,42,8.68
workload_policy_stress_raw,arm=size_baseline|num_requests=5000,runtime_seconds,99,8.86
workload_policy_stress_raw,arm=size_baseline|num_requests=5000,runtime_seconds,123,8.94
