arm,num_requests,seed,status,classified_ratio,high_or_classified_ratio,cross_jurisdiction_ratio,revoked_credential_ratio,approval_missing_ratio,allow_rate,deny_rate,escalate_rate,nspi_train_accuracy,cs_f25_signed_chain_detect,cs_f25_nspi_global_detect,cs_f25_nspi_per_station_detect,cs_f25_trusted_oracle_detect,cs_f25_n_flipped,cs_f25_global_js_divergence,cs_f10_signed_chain_detect,cs_f10_nspi_global_detect,cs_f10_nspi_per_station_detect,cs_f10_trusted_oracle_detect,cs_f10_n_flipped,cs_f10_global_js_divergence,cf_coverage,cf_validity,cf_sampled,n_stations,runtime_seconds
size_baseline,500,7,ok,0.276,0.704,0.786,0.084,0.446,0.108,0.422,0.47,0.934,0,1,1,1,111,0.025405,0,0,0,1,44,0.00308,1.0,1.0,150,36,3.31
size_baseline,500,21,ok,0.236,0.684,0.784,0.084,0.462,0.096,0.408,0.496,0.938,0,1,1,1,113,0.032035,0,1,0,1,45,0.004819,1.0,1.0,150,36,3.29
size_baseline,500,42,ok,0.23,0.642,0.74,0.086,0.444,0.134,0.426,0.44,0.92,0,1,1,1,108,0.020952,0,0,0,1,43,0.001931,1.0,1.0,150,36,3.41
size_baseline,500,99,ok,0.228,0.692,0.808,0.102,0.468,0.104,0.386,0.51,0.91,0,1,1,1,112,0.020144,0,0,0,1,44,0.001053,1.0,1.0,150,36,3.45
size_baseline,500,123,ok,0.262,0.666,0.758,0.132,0.468,0.132,0.416,0.452,0.872,0,1,0,1,108,0.012717,0,0,1,1,43,0.000133,1.0,1.0,150,36,3.42
size_baseline,1000,7,ok,0.266,0.691,0.779,0.078,0.441,0.111,0.401,0.488,0.945,0,1,1,1,222,0.030586,0,1,1,1,88,0.00468,1.0,1.0,150,36,4.06
size_baseline,1000,21,ok,0.238,0.674,0.783,0.097,0.471,0.111,0.399,0.49,0.949,0,1,1,1,222,0.025669,0,1,1,1,88,0.002777,1.0,1.0,150,36,4.03
size_baseline,1000,42,ok,0.219,0.673,0.765,0.079,0.422,0.113,0.409,0.478,0.953,0,1,1,1,221,0.030362,0,1,0,1,88,0.004742,1.0,1.0,150,36,3.94
size_baseline,1000,99,ok,0.234,0.695,0.806,0.101,0.47,0.101,0.397,0.502,0.958,0,1,1,1,224,0.03359,0,1,1,1,89,0.005658,1.0,1.0,150,36,3.88
size_baseline,1000,123,ok,0.236,0.665,0.774,0.116,0.463,0.125,0.412,0.463,0.929,0,1,1,1,218,0.024893,0,1,0,1,87,0.003102,1.0,1.0,150,36,3.89
size_baseline,2500,7,ok,0.2536,0.6864,0.78,0.0828,0.4428,0.1064,0.3988,0.4948,0.9632,0,1,1,1,558,0.033334,0,1,1,1,223,0.005918,1.0,1.0,150,36,5.56
size_baseline,2500,21,ok,0.2444,0.6944,0.7768,0.0872,0.4616,0.104,0.41,0.486,0.9672,0,1,1,1,560,0.037073,0,1,1,1,224,0.007353,1.0,1.0,150,36,5.57
size_baseline,2500,42,ok,0.2444,0.6928,0.7828,0.0788,0.4448,0.1,0.4148,0.4852,0.9716,0,1,1,1,562,0.037294,0,1,1,1,225,0.007314,0.9933,1.0,150,36,5.64
size_baseline,2500,99,ok,0.2308,0.7064,0.7992,0.1024,0.4776,0.0956,0.4188,0.4856,0.9692,0,1,1,1,565,0.03792,0,1,1,1,226,0.007416,1.0,1.0,150,36,5.69
size_baseline,2500,123,ok,0.244,0.6612,0.78,0.1072,0.4644,0.1144,0.406,0.4796,0.9688,0,1,1,1,553,0.033982,0,1,1,1,221,0.00633,1.0,1.0,150,36,5.62
size_baseline,5000,7,ok,0.2618,0.696,0.7882,0.0838,0.453,0.1054,0.3978,0.4968,0.9704,0,1,1,1,1118,0.036688,0,1,1,1,447,0.007432,1.0,1.0,150,36,8.93
size_baseline,5000,21,ok,0.2354,0.6972,0.7794,0.0834,0.4628,0.1008,0.4114,0.4878,0.9746,0,1,1,1,1124,0.037799,0,1,1,1,449,0.007618,1.0,1.0,150,36,8.56
size_baseline,5000,42,ok,0.2512,0.701,0.7868,0.0826,0.4464,0.095,0.4052,0.4998,0.9776,0,1,1,1,1131,0.039066,0,1,1,1,452,0.00797,0.9933,1.0,150,36,8.68
size_baseline,5000,99,ok,0.2308,0.7038,0.7994,0.0924,0.4714,0.0958,0.4088,0.4954,0.9736,0,1,1,1,1130,0.03932,0,1,1,1,452,0.008152,1.0,1.0,150,36,8.86
size_baseline,5000,123,ok,0.2482,0.667,0.7826,0.0956,0.4676,0.1078,0.3994,0.4928,0.9726,0,1,1,1,1115,0.036189,0,1,1,1,446,0.007135,1.0,1.0,150,36,8.94
mix_high_cross_jurisdiction,1000,7,ok,0.277,0.755,0.824,0.078,0.478,0.092,0.368,0.54,0.958,0,1,1,1,227,0.037269,0,1,0,1,90,0.006838,0.9933,1.0,150,36,4.0
mix_high_cross_jurisdiction,1000,21,ok,0.237,0.743,0.814,0.064,0.465,0.086,0.351,0.563,0.969,0,1,1,1,228,0.041254,0,1,1,1,91,0.008535,0.9933,1.0,150,36,3.99
mix_high_cross_jurisdiction,1000,42,ok,0.234,0.689,0.814,0.066,0.471,0.086,0.402,0.512,0.959,0,1,1,1,228,0.036732,0,1,1,1,91,0.006541,1.0,1.0,150,36,3.94
mix_high_cross_jurisdiction,1000,99,ok,0.236,0.743,0.828,0.069,0.453,0.092,0.337,0.571,0.963,0,1,1,1,227,0.036595,0,1,1,1,90,0.006807,1.0,1.0,150,36,3.95
mix_high_cross_jurisdiction,1000,123,ok,0.267,0.737,0.822,0.07,0.477,0.082,0.375,0.543,0.935,0,1,1,1,229,0.031041,0,1,1,1,91,0.003943,1.0,1.0,150,36,3.96
mix_high_revoked_credential,1000,7,ok,0.266,0.73,0.804,0.251,0.551,0.09,0.518,0.392,0.954,0,1,1,1,227,0.035166,0,1,0,1,91,0.006052,0.9933,1.0,150,36,3.93
mix_high_revoked_credential,1000,21,ok,0.239,0.703,0.816,0.274,0.578,0.084,0.525,0.391,0.964,0,1,1,1,229,0.035271,0,1,1,1,91,0.005641,1.0,1.0,150,36,3.86
mix_high_revoked_credential,1000,42,ok,0.24,0.695,0.798,0.231,0.544,0.092,0.513,0.395,0.952,0,1,1,1,227,0.02991,0,1,1,1,90,0.003787,1.0,1.0,150,36,3.94
mix_high_revoked_credential,1000,99,ok,0.231,0.72,0.803,0.242,0.545,0.086,0.508,0.406,0.94,0,1,1,1,228,0.030386,0,1,1,1,91,0.004003,1.0,1.0,150,36,3.87
mix_high_revoked_credential,1000,123,ok,0.257,0.678,0.782,0.273,0.555,0.102,0.514,0.384,0.95,0,1,1,1,224,0.02949,0,1,1,1,89,0.004063,1.0,1.0,150,36,3.89
mix_high_approval_missing,1000,7,ok,0.267,0.708,0.798,0.081,0.569,0.099,0.521,0.38,0.941,0,1,1,1,225,0.027172,0,1,1,1,90,0.003157,1.0,1.0,150,36,3.89
mix_high_approval_missing,1000,21,ok,0.227,0.71,0.82,0.094,0.543,0.081,0.536,0.383,0.954,0,1,1,1,229,0.038784,0,1,1,1,91,0.007121,1.0,1.0,150,36,3.9
mix_high_approval_missing,1000,42,ok,0.232,0.706,0.801,0.065,0.527,0.095,0.503,0.402,0.962,0,1,1,1,226,0.034572,0,1,0,1,90,0.005815,0.9933,1.0,150,36,3.91
mix_high_approval_missing,1000,99,ok,0.248,0.713,0.835,0.066,0.543,0.077,0.539,0.384,0.959,0,1,1,1,230,0.036472,0,1,1,1,92,0.006062,0.9933,1.0,150,36,3.89
mix_high_approval_missing,1000,123,ok,0.247,0.679,0.811,0.073,0.577,0.082,0.523,0.395,0.943,0,1,1,1,229,0.027408,0,1,0,1,91,0.002719,1.0,1.0,150,36,3.89
mix_high_classified_proxy,1000,7,ok,0.34,0.789,0.884,0.073,0.505,0.039,0.362,0.599,0.939,0,1,1,1,240,0.045674,0,1,1,1,96,0.008347,1.0,1.0,150,36,3.95
mix_high_classified_proxy,1000,21,ok,0.284,0.788,0.887,0.076,0.489,0.036,0.407,0.557,0.938,0,1,1,1,241,0.043828,0,1,1,1,96,0.007172,1.0,1.0,150,36,3.93
mix_high_classified_proxy,1000,42,ok,0.3,0.787,0.881,0.066,0.484,0.051,0.364,0.585,0.937,0,1,1,1,237,0.039882,0,1,0,1,94,0.006459,1.0,1.0,150,36,3.9
mix_high_classified_proxy,1000,99,ok,0.298,0.811,0.888,0.071,0.502,0.046,0.366,0.588,0.934,0,1,1,1,238,0.039151,0,1,1,1,95,0.005766,1.0,1.0,150,36,3.85
mix_high_classified_proxy,1000,123,ok,0.3,0.762,0.884,0.073,0.482,0.047,0.377,0.576,0.942,0,1,1,1,238,0.040049,0,1,1,1,95,0.006316,1.0,1.0,150,36,3.86
