officer_id,officer_hash,role,rank_level,station_id,district_id,state_id,agency,clearance_level,credential_status,is_supervisor,cyber_training,forensic_training,prior_request_count,recent_denied_count,assigned_case_ids,synthetic_only
OFF-0001,858f20314a8c64995d905a33,Prosecutor Liaison,4,STATE_02_DIST_03_PS_03,STATE_02_DIST_03,STATE_02,PROSECUTION,MEDIUM,ACTIVE,false,true,false,6,5,CASE-00101|CASE-00112|CASE-00232|CASE-00309,true
OFF-0002,893580185d14634211eb9a59,Forensic Officer,4,STATE_01_DIST_02_PS_01,STATE_01_DIST_02,STATE_01,FORENSIC,HIGH,ACTIVE,false,true,true,26,1,CASE-00030|CASE-00225,true
OFF-0003,5e4ff04af077f5ff22cd6cd0,Constable,1,STATE_02_DIST_02_PS_01,STATE_02_DIST_02,STATE_02,POLICE,LOW,ACTIVE,false,false,false,14,0,CASE-00026|CASE-00051|CASE-00202,true
OFF-0004,4fe847ab79de841540c7b990,Constable,1,STATE_03_DIST_01_PS_02,STATE_03_DIST_01,STATE_03,POLICE,LOW,ACTIVE,false,false,false,26,2,CASE-00230|CASE-00253,true
OFF-0005,0c324b29f9a967adb599bde0,Constable,1,STATE_03_DIST_04_PS_02,STATE_03_DIST_04,STATE_03,POLICE,LOW,ACTIVE,false,false,false,37,3,CASE-00100|CASE-00143|CASE-00184|CASE-00224|CASE-00346,true
OFF-0006,05c87980613cb5db42b892f9,Constable,1,STATE_02_DIST_04_PS_03,STATE_02_DIST_04,STATE_02,POLICE,LOW,ACTIVE,false,false,false,31,8,CASE-00318,true
OFF-0007,934e26f772b73b1d824939e2,Cybercrime Officer,4,STATE_03_DIST_02_PS_01,STATE_03_DIST_02,STATE_03,CYBERCRIME,HIGH,ACTIVE,false,true,false,23,4,CASE-00114|CASE-00136|CASE-00157|CASE-00296,true
OFF-0008,f7c9b924c136028c31a62c8c,Cybercrime Officer,4,STATE_02_DIST_02_PS_01,STATE_02_DIST_02,STATE_02,CYBERCRIME,HIGH,ACTIVE,false,true,false,36,4,CASE-00043|CASE-00160|CASE-00226,true
OFF-0009,48f5470b8ce4df5af3e82ab0,Sub-Inspector,3,STATE_03_DIST_04_PS_01,STATE_03_DIST_04,STATE_03,POLICE,MEDIUM,ACTIVE,false,false,false,4,1,CASE-00088|CASE-00268|CASE-00305|CASE-00313|CASE-00329|CASE-00355,true
OFF-0010,bcb4468affef262ed92897ea,Sub-Inspector,3,STATE_03_DIST_03_PS_03,STATE_03_DIST_03,STATE_03,POLICE,MEDIUM,ACTIVE,false,true,false,2,1,CASE-00067|CASE-00095|CASE-00096|CASE-00158|CASE-00260|CASE-00264,true
OFF-0011,84a9b6fb8d6efe7cd09043f6,Inspector,4,STATE_03_DIST_04_PS_03,STATE_03_DIST_04,STATE_03,POLICE,MEDIUM,ACTIVE,false,false,false,38,7,CASE-00010|CASE-00023|CASE-00123|CASE-00135|CASE-00190|CASE-00214|CASE-00236|CASE-00319|CASE-00353,true
OFF-0012,1e6c5e762b98d4b3d94fa258,Constable,1,STATE_03_DIST_02_PS_03,STATE_03_DIST_02,STATE_03,POLICE,LOW,ACTIVE,false,false,false,4,0,CASE-00168|CASE-00210,true
OFF-0013,3573eec47a61bb4c69e2b339,Inspector,4,STATE_02_DIST_03_PS_02,STATE_02_DIST_03,STATE_02,POLICE,MEDIUM,SUSPENDED,false,false,false,24,5,,true
OFF-0014,86b6682cd665b74e9695ec29,Prosecutor Liaison,4,STATE_01_DIST_01_PS_02,STATE_01_DIST_01,STATE_01,PROSECUTION,MEDIUM,ACTIVE,false,false,false,13,4,CASE-00052|CASE-00102|CASE-00126|CASE-00278,true
OFF-0015,69527641f80b28a01bb229b7,Station House Officer,5,STATE_01_DIST_03_PS_03,STATE_01_DIST_03,STATE_01,POLICE,HIGH,ACTIVE,true,false,false,10,7,CASE-00057|CASE-00091|CASE-00172|CASE-00175|CASE-00283|CASE-00326,true
OFF-0016,5d49251d25024e2ef906fcfa,Inspector,4,STATE_03_DIST_01_PS_02,STATE_03_DIST_01,STATE_03,POLICE,MEDIUM,ACTIVE,false,false,false,17,6,CASE-00107|CASE-00130|CASE-00151|CASE-00253|CASE-00262|CASE-00312,true
OFF-0017,81f27590363500d418d0fc7b,Station House Officer,5,STATE_02_DIST_04_PS_02,STATE_02_DIST_04,STATE_02,POLICE,HIGH,ACTIVE,true,false,true,9,3,CASE-00129|CASE-00147|CASE-00171|CASE-00241|CASE-00321|CASE-00338,true
OFF-0018,f8755a48fce2988e7e892881,Constable,1,STATE_02_DIST_01_PS_03,STATE_02_DIST_01,STATE_02,POLICE,LOW,ACTIVE,false,false,false,9,6,CASE-00178|CASE-00208|CASE-00269|CASE-00335|CASE-00350,true
OFF-0019,43619f9291295cde078ede73,Sub-Inspector,3,STATE_03_DIST_04_PS_02,STATE_03_DIST_04,STATE_03,POLICE,MEDIUM,ACTIVE,false,false,false,32,0,CASE-00143|CASE-00184|CASE-00224|CASE-00279|CASE-00297|CASE-00346,true
OFF-0020,fcd532f0d95281220fe7337b,Forensic Officer,4,STATE_03_DIST_02_PS_03,STATE_03_DIST_02,STATE_03,FORENSIC,HIGH,ACTIVE,false,false,true,51,8,CASE-00132|CASE-00197|CASE-00242,true
OFF-0021,d58ac64e32ce6bc751285238,Sub-Inspector,3,STATE_03_DIST_01_PS_02,STATE_03_DIST_01,STATE_03,POLICE,MEDIUM,ACTIVE,false,false,false,12,1,CASE-00151,true
OFF-0022,cdb37082bd33066e73ce6a23,Sub-Inspector,3,STATE_02_DIST_01_PS_02,STATE_02_DIST_01,STATE_02,POLICE,MEDIUM,ACTIVE,false,false,true,36,2,CASE-00046|CASE-00246,true
OFF-0023,7dd10e346a2e773cbf9da071,Constable,1,STATE_03_DIST_04_PS_02,STATE_03_DIST_04,STATE_03,POLICE,LOW,ACTIVE,false,true,false,39,6,CASE-00100|CASE-00239|CASE-00279|CASE-00293|CASE-00297|CASE-00346,true
OFF-0024,c5766246d7388485ac5c149e,Inspector,4,STATE_01_DIST_04_PS_01,STATE_01_DIST_04,STATE_01,POLICE,MEDIUM,REVOKED,false,false,false,7,7,,true
OFF-0025,7fa77f7b07565190b1b9a0af,Sub-Inspector,3,STATE_03_DIST_02_PS_03,STATE_03_DIST_02,STATE_03,POLICE,MEDIUM,ACTIVE,false,true,false,47,4,,true
OFF-0026,1744a4b8e7d09467e6ea7495,Cybercrime Officer,4,STATE_03_DIST_03_PS_01,STATE_03_DIST_03,STATE_03,CYBERCRIME,HIGH,ACTIVE,false,true,true,60,8,,true
OFF-0027,0333fdd2d35c528a38a1dbe4,Constable,1,STATE_02_DIST_04_PS_03,STATE_02_DIST_04,STATE_02,POLICE,LOW,ACTIVE,false,true,false,41,1,CASE-00068|CASE-00318,true
OFF-0028,8ec325482a0f9259719128c5,Inspector,4,STATE_02_DIST_02_PS_02,STATE_02_DIST_02,STATE_02,POLICE,MEDIUM,REVOKED,false,false,false,34,8,,true
OFF-0029,1f84d906e82c7901ab98337e,Inspector,4,STATE_02_DIST_04_PS_01,STATE_02_DIST_04,STATE_02,POLICE,MEDIUM,ACTIVE,false,false,false,12,3,CASE-00211|CASE-00231,true
OFF-0030,02df4864bc93f0037e94de95,Station House Officer,5,STATE_03_DIST_01_PS_02,STATE_03_DIST_01,STATE_03,POLICE,HIGH,ACTIVE,true,false,false,1,0,CASE-00107|CASE-00130|CASE-00151|CASE-00217|CASE-00262,true
OFF-0031,12eb6ff70063628bed70540f,Sub-Inspector,3,STATE_02_DIST_02_PS_03,STATE_02_DIST_02,STATE_02,POLICE,MEDIUM,ACTIVE,false,false,false,51,5,CASE-00060|CASE-00259,true
OFF-0032,087843a059da3833acdab60b,Constable,1,STATE_02_DIST_04_PS_03,STATE_02_DIST_04,STATE_02,POLICE,LOW,ACTIVE,false,false,false,30,0,,true
OFF-0033,4f04697319f636cd795e5d1b,Forensic Officer,4,STATE_03_DIST_03_PS_01,STATE_03_DIST_03,STATE_03,FORENSIC,HIGH,ACTIVE,false,false,true,53,1,CASE-00054|CASE-00206|CASE-00336,true
OFF-0034,9f1a046129b76f0cd0f13803,Cybercrime Officer,4,STATE_03_DIST_01_PS_01,STATE_03_DIST_01,STATE_03,CYBERCRIME,HIGH,ACTIVE,false,true,false,11,6,CASE-00039|CASE-00065|CASE-00133|CASE-00273|CASE-00274|CASE-00340,true
OFF-0035,6d2396ea39d60a2c9554602a,Constable,1,STATE_02_DIST_04_PS_01,STATE_02_DIST_04,STATE_02,POLICE,LOW,REVOKED,false,false,false,47,1,,true
OFF-0036,d3ba9e82379b9a1fa09b884a,Constable,1,STATE_01_DIST_04_PS_02,STATE_01_DIST_04,STATE_01,POLICE,LOW,ACTIVE,false,true,false,51,2,CASE-00055|CASE-00128,true
OFF-0037,61f9c30ebf940f606c1a2520,Inspector,4,STATE_03_DIST_03_PS_01,STATE_03_DIST_03,STATE_03,POLICE,MEDIUM,ACTIVE,false,false,false,0,1,CASE-00003|CASE-00345,true
OFF-0038,ed345e57c83b3d1c5b2c2660,Station House Officer,5,STATE_03_DIST_04_PS_01,STATE_03_DIST_04,STATE_03,POLICE,HIGH,ACTIVE,true,false,false,55,3,CASE-00088,true
OFF-0039,b0f05da9786602e3afcbd606,Head Constable,2,STATE_01_DIST_01_PS_02,STATE_01_DIST_01,STATE_01,POLICE,LOW,ACTIVE,false,false,false,16,8,CASE-00052,true
OFF-0040,c5c5b540de8f1dde6964dc89,Cybercrime Officer,4,STATE_03_DIST_01_PS_03,STATE_03_DIST_01,STATE_03,CYBERCRIME,HIGH,ACTIVE,false,true,false,57,7,CASE-00244,true
OFF-0041,6adbebf965a8665f8e3dd8db,Sub-Inspector,3,STATE_03_DIST_04_PS_01,STATE_03_DIST_04,STATE_03,POLICE,MEDIUM,REVOKED,false,false,false,33,8,,true
OFF-0042,4bdedd9e1ddefe7a1e6434d1,Forensic Officer,4,STATE_01_DIST_01_PS_02,STATE_01_DIST_01,STATE_01,FORENSIC,HIGH,ACTIVE,false,false,true,49,2,CASE-00052|CASE-00124|CASE-00251|CASE-00278,true
OFF-0043,d4da98f8bbaf8c84670817a6,Constable,1,STATE_01_DIST_04_PS_03,STATE_01_DIST_04,STATE_01,POLICE,LOW,ACTIVE,false,true,true,43,8,CASE-00074|CASE-00148|CASE-00286|CASE-00303|CASE-00332|CASE-00349,true
OFF-0044,e35d3d5ab37a57023a757cf4,Inspector,4,STATE_03_DIST_04_PS_01,STATE_03_DIST_04,STATE_03,POLICE,MEDIUM,ACTIVE,false,true,false,15,3,CASE-00075|CASE-00173|CASE-00277|CASE-00355,true
OFF-0045,1abb810c99dd60558b095f4d,Constable,1,STATE_02_DIST_02_PS_03,STATE_02_DIST_02,STATE_02,POLICE,LOW,ACTIVE,false,false,true,57,1,CASE-00092|CASE-00105|CASE-00139|CASE-00259|CASE-00275,true
OFF-0046,ceb8bb971ba08b4df678d1fa,Head Constable,2,STATE_03_DIST_02_PS_02,STATE_03_DIST_02,STATE_03,POLICE,LOW,SUSPENDED,false,false,false,17,7,,true
OFF-0047,6734000e8363d6ae298dddfd,Inspector,4,STATE_03_DIST_03_PS_03,STATE_03_DIST_03,STATE_03,POLICE,MEDIUM,ACTIVE,false,false,false,56,4,CASE-00141|CASE-00194|CASE-00218|CASE-00264|CASE-00334,true
OFF-0048,871e4c8cc36e0fafb27ef560,Forensic Officer,4,STATE_03_DIST_04_PS_03,STATE_03_DIST_04,STATE_03,FORENSIC,HIGH,ACTIVE,false,false,true,26,1,CASE-00023|CASE-00190|CASE-00214|CASE-00236|CASE-00237|CASE-00360,true
OFF-0049,e48c526210cf797e3886d5ef,Sub-Inspector,3,STATE_03_DIST_01_PS_02,STATE_03_DIST_01,STATE_03,POLICE,MEDIUM,ACTIVE,false,false,true,42,4,CASE-00040|CASE-00230|CASE-00253,true
OFF-0050,1df1233ec54fa0732a43c292,Forensic Officer,4,STATE_01_DIST_03_PS_02,STATE_01_DIST_03,STATE_01,FORENSIC,HIGH,ACTIVE,false,false,true,42,5,CASE-00356,true
OFF-0051,316e4edba94c2b3868db8ac7,Head Constable,2,STATE_01_DIST_04_PS_01,STATE_01_DIST_04,STATE_01,POLICE,LOW,ACTIVE,false,false,false,6,6,CASE-00027|CASE-00111|CASE-00240|CASE-00307,true
OFF-0052,0c912fab59a9f46b26c259dd,Constable,1,STATE_03_DIST_03_PS_02,STATE_03_DIST_03,STATE_03,POLICE,LOW,ACTIVE,false,false,false,32,6,CASE-00037|CASE-00049|CASE-00073|CASE-00077|CASE-00117|CASE-00153|CASE-00166|CASE-00177|CASE-00203|CASE-00256|CASE-00258,true
OFF-0053,5250e04b75f9aa481b9f2c6e,Sub-Inspector,3,STATE_02_DIST_04_PS_01,STATE_02_DIST_04,STATE_02,POLICE,MEDIUM,ACTIVE,false,true,false,21,8,CASE-00199,true
OFF-0054,100ec956e3b5dce60e3db6a6,Sub-Inspector,3,STATE_03_DIST_02_PS_03,STATE_03_DIST_02,STATE_03,POLICE,MEDIUM,ACTIVE,false,false,false,32,1,CASE-00132,true
OFF-0055,e246494264abad2f32845507,Senior Superintendent,6,STATE_01_DIST_03_PS_02,STATE_01_DIST_03,STATE_01,POLICE,CLASSIFIED,ACTIVE,true,false,true,16,4,,true
OFF-0056,614c14e8c660d73ace97d265,Forensic Officer,4,STATE_01_DIST_01_PS_03,STATE_01_DIST_01,STATE_01,FORENSIC,HIGH,ACTIVE,false,false,true,52,6,CASE-00014|CASE-00017|CASE-00131|CASE-00154,true
OFF-0057,cf4f97b5eda3195f8d5d3726,Sub-Inspector,3,STATE_02_DIST_02_PS_02,STATE_02_DIST_02,STATE_02,POLICE,MEDIUM,ACTIVE,false,false,false,20,1,CASE-00079|CASE-00093|CASE-00213,true
OFF-0058,b9583c7e99cc3289ea585d73,Constable,1,STATE_02_DIST_02_PS_03,STATE_02_DIST_02,STATE_02,POLICE,LOW,ACTIVE,false,false,true,60,0,CASE-00060|CASE-00139,true
OFF-0059,abdf3e234ce3687605069a60,Cybercrime Officer,4,STATE_01_DIST_02_PS_03,STATE_01_DIST_02,STATE_01,CYBERCRIME,HIGH,ACTIVE,false,true,false,4,4,CASE-00001|CASE-00078|CASE-00134|CASE-00238|CASE-00322|CASE-00328,true
OFF-0060,f1cd31d43c526f5a63bbd87e,Sub-Inspector,3,STATE_01_DIST_03_PS_02,STATE_01_DIST_03,STATE_01,POLICE,MEDIUM,ACTIVE,false,false,false,17,2,,true
OFF-0061,86505bfb457a23f7a0108287,Inspector,4,STATE_01_DIST_01_PS_03,STATE_01_DIST_01,STATE_01,POLICE,MEDIUM,ACTIVE,false,true,false,3,2,CASE-00014|CASE-00017|CASE-00316,true
OFF-0062,318fd1a9b080d018ffb85691,Prosecutor Liaison,4,STATE_02_DIST_01_PS_01,STATE_02_DIST_01,STATE_02,PROSECUTION,MEDIUM,ACTIVE,false,false,false,28,8,CASE-00013|CASE-00056|CASE-00064|CASE-00070|CASE-00125|CASE-00179|CASE-00314,true
OFF-0063,d57f9cfca107b054602e3afe,Head Constable,2,STATE_01_DIST_04_PS_03,STATE_01_DIST_04,STATE_01,POLICE,LOW,ACTIVE,false,false,true,1,8,CASE-00074|CASE-00148|CASE-00207|CASE-00276|CASE-00286|CASE-00332,true
OFF-0064,7eb01572e4f979827683d0ca,Senior Superintendent,6,STATE_03_DIST_04_PS_03,STATE_03_DIST_04,STATE_03,POLICE,CLASSIFIED,ACTIVE,true,false,false,42,6,CASE-00010|CASE-00123|CASE-00135|CASE-00236|CASE-00360,true
OFF-0065,6d335433b612a148a4921389,Inspector,4,STATE_03_DIST_03_PS_02,STATE_03_DIST_03,STATE_03,POLICE,MEDIUM,ACTIVE,false,false,false,13,3,CASE-00037|CASE-00049|CASE-00073|CASE-00082|CASE-00110|CASE-00117|CASE-00153|CASE-00166|CASE-00203,true
OFF-0066,a07f98edb4eac55d9fa73ffe,Head Constable,2,STATE_02_DIST_04_PS_01,STATE_02_DIST_04,STATE_02,POLICE,LOW,ACTIVE,false,false,false,22,0,CASE-00211|CASE-00231,true
OFF-0067,81023882823dba8b6e04e6a8,Constable,1,STATE_01_DIST_03_PS_03,STATE_01_DIST_03,STATE_01,POLICE,LOW,ACTIVE,false,false,false,3,1,CASE-00019|CASE-00047|CASE-00057|CASE-00069|CASE-00172|CASE-00175|CASE-00283,true
OFF-0068,fe7f0fee4990978ba985ec2d,Forensic Officer,4,STATE_03_DIST_01_PS_01,STATE_03_DIST_01,STATE_03,FORENSIC,HIGH,ACTIVE,false,false,true,15,4,CASE-00039|CASE-00133|CASE-00144|CASE-00152|CASE-00174|CASE-00273,true
OFF-0069,ecaec2b1bb689d9a6ebf8cca,Sub-Inspector,3,STATE_01_DIST_01_PS_03,STATE_01_DIST_01,STATE_01,POLICE,MEDIUM,ACTIVE,false,false,false,21,8,CASE-00018|CASE-00122|CASE-00131|CASE-00209|CASE-00261|CASE-00265|CASE-00316,true
OFF-0070,73b99e563b8590d8f1f3488f,Head Constable,2,STATE_02_DIST_03_PS_03,STATE_02_DIST_03,STATE_02,POLICE,LOW,SUSPENDED,false,false,false,0,5,,true
OFF-0071,b43730f9ee11d476cccd1130,Constable,1,STATE_03_DIST_01_PS_01,STATE_03_DIST_01,STATE_03,POLICE,LOW,ACTIVE,false,false,false,49,0,CASE-00144|CASE-00174|CASE-00204|CASE-00273,true
OFF-0072,012f7330673a61c61f1d0ef9,Head Constable,2,STATE_01_DIST_02_PS_03,STATE_01_DIST_02,STATE_01,POLICE,LOW,ACTIVE,false,false,true,1,4,CASE-00134|CASE-00248|CASE-00280|CASE-00322|CASE-00347,true
OFF-0073,7e2b88d260bb5ef29585a94e,Inspector,4,STATE_02_DIST_03_PS_02,STATE_02_DIST_03,STATE_02,POLICE,MEDIUM,ACTIVE,false,false,false,9,6,CASE-00038|CASE-00094|CASE-00221|CASE-00252|CASE-00344,true
OFF-0074,0cef9a18606529b664cb0b3f,Station House Officer,5,STATE_02_DIST_03_PS_03,STATE_02_DIST_03,STATE_02,POLICE,HIGH,ACTIVE,true,false,false,9,0,CASE-00050|CASE-00058|CASE-00155|CASE-00357,true
OFF-0075,b4d11e5f08de15f8b7a05319,Inspector,4,STATE_03_DIST_03_PS_03,STATE_03_DIST_03,STATE_03,POLICE,MEDIUM,ACTIVE,false,false,false,33,8,CASE-00067|CASE-00096|CASE-00119|CASE-00141|CASE-00194|CASE-00218|CASE-00260|CASE-00354,true
OFF-0076,ce1b63fb3ee51890894fc213,Cybercrime Officer,4,STATE_01_DIST_01_PS_02,STATE_01_DIST_01,STATE_01,CYBERCRIME,HIGH,ACTIVE,false,true,false,43,3,CASE-00245|CASE-00285,true
OFF-0077,956b1c8673c706b9098bdcd1,Constable,1,STATE_01_DIST_02_PS_03,STATE_01_DIST_02,STATE_01,POLICE,LOW,ACTIVE,false,false,true,53,7,CASE-00078|CASE-00134|CASE-00222|CASE-00248|CASE-00311|CASE-00322,true
OFF-0078,006fa23a737e20e3625debb8,Constable,1,STATE_03_DIST_04_PS_03,STATE_03_DIST_04,STATE_03,POLICE,LOW,ACTIVE,false,false,false,16,0,CASE-00010|CASE-00135|CASE-00237|CASE-00319|CASE-00353|CASE-00360,true
OFF-0079,769c0f71f92a8b49e252746c,Cybercrime Officer,4,STATE_03_DIST_02_PS_03,STATE_03_DIST_02,STATE_03,CYBERCRIME,HIGH,ACTIVE,false,true,false,34,1,,true
OFF-0080,8d450ebb6d2a4135d240f974,Constable,1,STATE_03_DIST_04_PS_01,STATE_03_DIST_04,STATE_03,POLICE,LOW,ACTIVE,false,false,true,16,3,CASE-00021|CASE-00088|CASE-00191|CASE-00277|CASE-00313|CASE-00355,true
OFF-0081,e432fb8e9e7dd060765bcd20,Head Constable,2,STATE_02_DIST_01_PS_02,STATE_02_DIST_01,STATE_02,POLICE,LOW,ACTIVE,false,false,false,4,7,CASE-00046|CASE-00330,true
OFF-0082,ad021cf14b60633e375d65f6,Cybercrime Officer,4,STATE_02_DIST_03_PS_01,STATE_02_DIST_03,STATE_02,CYBERCRIME,HIGH,ACTIVE,false,true,false,4,2,CASE-00035|CASE-00061|CASE-00150|CASE-00215|CASE-00281,true
OFF-0083,eab5f274c3e036f9a382d87d,Head Constable,2,STATE_02_DIST_04_PS_01,STATE_02_DIST_04,STATE_02,POLICE,LOW,ACTIVE,false,false,false,0,7,CASE-00211|CASE-00231,true
OFF-0084,71f10fb896bfac44fed3436e,Sub-Inspector,3,STATE_01_DIST_02_PS_01,STATE_01_DIST_02,STATE_01,POLICE,MEDIUM,SUSPENDED,false,true,false,31,4,,true
OFF-0085,17c3357ea795f04352db1db0,Head Constable,2,STATE_03_DIST_04_PS_01,STATE_03_DIST_04,STATE_03,POLICE,LOW,ACTIVE,false,false,false,35,3,CASE-00021|CASE-00173|CASE-00191|CASE-00268|CASE-00355,true
OFF-0086,90740f6d12084e4c579f3454,Senior Superintendent,6,STATE_02_DIST_03_PS_02,STATE_02_DIST_03,STATE_02,POLICE,CLASSIFIED,REVOKED,true,true,false,52,8,,true
OFF-0087,5226641dfbffc5688ec0818a,Senior Superintendent,6,STATE_03_DIST_02_PS_02,STATE_03_DIST_02,STATE_03,POLICE,CLASSIFIED,ACTIVE,true,false,false,4,1,CASE-00002|CASE-00115|CASE-00142|CASE-00188|CASE-00189|CASE-00249,true
OFF-0088,aba84a984ee3606ae0d30a0a,Station House Officer,5,STATE_01_DIST_04_PS_01,STATE_01_DIST_04,STATE_01,POLICE,HIGH,ACTIVE,true,false,false,40,8,CASE-00104|CASE-00138|CASE-00270|CASE-00307,true
OFF-0089,1dfcf9ccdf6fab5303a9e921,Forensic Officer,4,STATE_02_DIST_02_PS_03,STATE_02_DIST_02,STATE_02,FORENSIC,HIGH,ACTIVE,false,false,true,57,7,CASE-00139|CASE-00228|CASE-00275,true
OFF-0090,721eda836388e57ee154e383,Constable,1,STATE_03_DIST_01_PS_02,STATE_03_DIST_01,STATE_03,POLICE,LOW,ACTIVE,false,false,false,19,2,CASE-00156|CASE-00217|CASE-00230|CASE-00253|CASE-00262|CASE-00312,true
OFF-0091,516e122c203e5dd62fd9ee93,Sub-Inspector,3,STATE_03_DIST_01_PS_03,STATE_03_DIST_01,STATE_03,POLICE,MEDIUM,ACTIVE,false,false,true,48,5,,true
OFF-0092,29e63067f87e22c26e60f375,Constable,1,STATE_03_DIST_01_PS_02,STATE_03_DIST_01,STATE_03,POLICE,LOW,REVOKED,false,false,false,18,4,,true
OFF-0093,9764196f496c1b6c2299d105,Constable,1,STATE_02_DIST_04_PS_03,STATE_02_DIST_04,STATE_02,POLICE,LOW,ACTIVE,false,false,true,59,6,CASE-00031|CASE-00068|CASE-00116|CASE-00234,true
OFF-0094,85642e8c300a0dccea130cc9,Forensic Officer,4,STATE_02_DIST_02_PS_03,STATE_02_DIST_02,STATE_02,FORENSIC,HIGH,ACTIVE,false,true,true,42,4,CASE-00045|CASE-00105,true
OFF-0095,3a0f3bfd087110a0cbe914c5,Head Constable,2,STATE_01_DIST_04_PS_01,STATE_01_DIST_04,STATE_01,POLICE,LOW,ACTIVE,false,false,false,23,6,CASE-00027|CASE-00104|CASE-00111|CASE-00233|CASE-00270,true
OFF-0096,cd7bb6b37a4bf493a6fadfea,Cybercrime Officer,4,STATE_01_DIST_01_PS_02,STATE_01_DIST_01,STATE_01,CYBERCRIME,HIGH,ACTIVE,false,true,false,60,8,CASE-00113|CASE-00278,true
OFF-0097,0de9124a7d38c17a328e4497,Head Constable,2,STATE_03_DIST_04_PS_03,STATE_03_DIST_04,STATE_03,POLICE,LOW,ACTIVE,false,false,false,39,2,CASE-00023|CASE-00123|CASE-00135|CASE-00214|CASE-00319|CASE-00360,true
OFF-0098,a2651cd5c21b20cc4d4edc22,Sub-Inspector,3,STATE_02_DIST_03_PS_01,STATE_02_DIST_03,STATE_02,POLICE,MEDIUM,REVOKED,false,false,false,26,5,,true
OFF-0099,058b6ca906f6f017cad2b2fa,Head Constable,2,STATE_02_DIST_03_PS_01,STATE_02_DIST_03,STATE_02,POLICE,LOW,ACTIVE,false,false,false,41,3,CASE-00035|CASE-00042|CASE-00282|CASE-00304,true
OFF-0100,071c750c420d0b5f044d6ae7,Sub-Inspector,3,STATE_02_DIST_03_PS_02,STATE_02_DIST_03,STATE_02,POLICE,MEDIUM,ACTIVE,false,true,false,4,3,CASE-00038|CASE-00099|CASE-00161|CASE-00221|CASE-00252,true
OFF-0101,3d428018fa91d9e32fcf8296,Forensic Officer,4,STATE_03_DIST_03_PS_03,STATE_03_DIST_03,STATE_03,FORENSIC,HIGH,ACTIVE,false,false,true,58,5,CASE-00095|CASE-00119|CASE-00141|CASE-00264|CASE-00320|CASE-00354,true
OFF-0102,cac9c828654d5e683b80f1e7,Sub-Inspector,3,STATE_03_DIST_02_PS_02,STATE_03_DIST_02,STATE_03,POLICE,MEDIUM,ACTIVE,false,false,false,35,1,CASE-00103|CASE-00115|CASE-00142|CASE-00188|CASE-00189|CASE-00300|CASE-00301|CASE-00308,true
OFF-0103,b9a151dcbadde0404b02e5b7,Head Constable,2,STATE_02_DIST_03_PS_03,STATE_02_DIST_03,STATE_02,POLICE,LOW,ACTIVE,false,false,false,47,6,CASE-00005|CASE-00050|CASE-00058|CASE-00101|CASE-00232|CASE-00292|CASE-00357,true
OFF-0104,bacbc9ea0ca5c88caca1fb35,Sub-Inspector,3,STATE_03_DIST_01_PS_01,STATE_03_DIST_01,STATE_03,POLICE,MEDIUM,ACTIVE,false,false,false,3,7,CASE-00034|CASE-00085|CASE-00133|CASE-00273|CASE-00274|CASE-00294,true
OFF-0105,acd11cf62713639d9ec501cd,Inspector,4,STATE_02_DIST_02_PS_03,STATE_02_DIST_02,STATE_02,POLICE,MEDIUM,ACTIVE,false,false,false,50,3,CASE-00032|CASE-00105|CASE-00139|CASE-00275,true
OFF-0106,2deed09bfdff4831b0bfcd1c,Head Constable,2,STATE_01_DIST_02_PS_03,STATE_01_DIST_02,STATE_01,POLICE,LOW,ACTIVE,false,false,false,19,0,CASE-00048|CASE-00097|CASE-00134|CASE-00222|CASE-00280|CASE-00311|CASE-00328|CASE-00343|CASE-00347,true
OFF-0107,fb4c90a703ac874dae2f1454,Constable,1,STATE_01_DIST_03_PS_03,STATE_01_DIST_03,STATE_01,POLICE,LOW,ACTIVE,false,false,false,37,7,CASE-00019|CASE-00172|CASE-00219|CASE-00283|CASE-00315,true
OFF-0108,f250eda449687032c1f3ce21,Constable,1,STATE_01_DIST_01_PS_01,STATE_01_DIST_01,STATE_01,POLICE,LOW,REVOKED,false,false,false,29,7,,true
OFF-0109,71ae00fed2507668078d658b,Cybercrime Officer,4,STATE_02_DIST_02_PS_01,STATE_02_DIST_02,STATE_02,CYBERCRIME,HIGH,ACTIVE,false,true,false,43,1,CASE-00004|CASE-00043|CASE-00149,true
OFF-0110,7ea4c7cce178f9ad9715431c,Constable,1,STATE_03_DIST_02_PS_03,STATE_03_DIST_02,STATE_03,POLICE,LOW,ACTIVE,false,true,false,36,0,CASE-00044|CASE-00080|CASE-00108|CASE-00210|CASE-00266|CASE-00272,true
OFF-0111,f65ad458155d09405f8da86c,Prosecutor Liaison,4,STATE_02_DIST_03_PS_02,STATE_02_DIST_03,STATE_02,PROSECUTION,MEDIUM,ACTIVE,false,false,false,48,1,CASE-00038|CASE-00167|CASE-00216|CASE-00220,true
OFF-0112,c424bf9aa5cd573d3066b2f0,Constable,1,STATE_01_DIST_03_PS_01,STATE_01_DIST_03,STATE_01,POLICE,LOW,ACTIVE,false,false,false,14,0,CASE-00008|CASE-00170|CASE-00201|CASE-00255|CASE-00323|CASE-00352,true
OFF-0113,46ac5b5381ef953a345ce319,Inspector,4,STATE_01_DIST_01_PS_01,STATE_01_DIST_01,STATE_01,POLICE,MEDIUM,SUSPENDED,false,false,false,53,3,,true
OFF-0114,80474f2be101fe342f3d27b8,Inspector,4,STATE_03_DIST_03_PS_01,STATE_03_DIST_03,STATE_03,POLICE,MEDIUM,ACTIVE,false,true,false,41,4,CASE-00003|CASE-00054,true
OFF-0115,6aacb3c44032122c078cc506,Constable,1,STATE_01_DIST_02_PS_01,STATE_01_DIST_02,STATE_01,POLICE,LOW,ACTIVE,false,false,false,16,3,CASE-00016|CASE-00030|CASE-00059|CASE-00225|CASE-00317|CASE-00342,true
OFF-0116,f1533940112c34367e3740e3,Prosecutor Liaison,4,STATE_03_DIST_02_PS_01,STATE_03_DIST_02,STATE_03,PROSECUTION,MEDIUM,ACTIVE,false,true,false,26,5,CASE-00006|CASE-00090|CASE-00114|CASE-00136|CASE-00157|CASE-00164,true
OFF-0117,c3da23329ac65eb7b3af694c,Head Constable,2,STATE_03_DIST_01_PS_02,STATE_03_DIST_01,STATE_03,POLICE,LOW,ACTIVE,false,false,false,13,7,CASE-00040|CASE-00107|CASE-00151|CASE-00217|CASE-00262,true
OFF-0118,90e9de18363ee212ab55f392,Head Constable,2,STATE_02_DIST_01_PS_01,STATE_02_DIST_01,STATE_02,POLICE,LOW,ACTIVE,false,false,false,48,4,CASE-00041|CASE-00064|CASE-00070|CASE-00098|CASE-00125|CASE-00198|CASE-00287,true
OFF-0119,3928cce83c394fe536f56bf5,Prosecutor Liaison,4,STATE_01_DIST_03_PS_01,STATE_01_DIST_03,STATE_01,PROSECUTION,MEDIUM,ACTIVE,false,false,false,26,0,CASE-00008|CASE-00145|CASE-00170|CASE-00323|CASE-00327,true
OFF-0120,3344e545d464730d22df7101,Prosecutor Liaison,4,STATE_01_DIST_04_PS_01,STATE_01_DIST_04,STATE_01,PROSECUTION,MEDIUM,ACTIVE,false,true,false,26,0,CASE-00027,true
OFF-0121,e35de54e8ce29e22aa4fb84d,Constable,1,STATE_01_DIST_02_PS_01,STATE_01_DIST_02,STATE_01,POLICE,LOW,ACTIVE,false,false,false,7,1,CASE-00086|CASE-00317|CASE-00342,true
OFF-0122,7527b25e318154df01ec7550,Head Constable,2,STATE_01_DIST_04_PS_02,STATE_01_DIST_04,STATE_01,POLICE,LOW,ACTIVE,false,false,false,2,4,CASE-00055|CASE-00120|CASE-00247|CASE-00271|CASE-00351,true
OFF-0123,72950e6372134a5838550d42,Cybercrime Officer,4,STATE_03_DIST_01_PS_01,STATE_03_DIST_01,STATE_03,CYBERCRIME,HIGH,SUSPENDED,false,true,false,6,0,,true
OFF-0124,ebff240f6e7e32e7e9713294,Head Constable,2,STATE_01_DIST_02_PS_03,STATE_01_DIST_02,STATE_01,POLICE,LOW,ACTIVE,false,false,false,48,3,CASE-00001|CASE-00343|CASE-00347,true
OFF-0125,97ea02f4f8fba926781c7fc5,Sub-Inspector,3,STATE_03_DIST_01_PS_01,STATE_03_DIST_01,STATE_03,POLICE,MEDIUM,ACTIVE,false,false,false,3,7,CASE-00152|CASE-00204|CASE-00294,true
OFF-0126,73518b37a439a4d90b18903d,Sub-Inspector,3,STATE_02_DIST_01_PS_01,STATE_02_DIST_01,STATE_02,POLICE,MEDIUM,REVOKED,false,false,false,57,7,,true
OFF-0127,6b0d84a1d858aa1335aacb1b,Inspector,4,STATE_01_DIST_01_PS_02,STATE_01_DIST_01,STATE_01,POLICE,MEDIUM,ACTIVE,false,false,false,24,0,CASE-00126|CASE-00245,true
OFF-0128,0f7c12f84c6ccd771a655279,Constable,1,STATE_03_DIST_02_PS_03,STATE_03_DIST_02,STATE_03,POLICE,LOW,REVOKED,false,false,false,57,5,,true
OFF-0129,fad5d40018942c6b0ef2d75c,Head Constable,2,STATE_02_DIST_04_PS_03,STATE_02_DIST_04,STATE_02,POLICE,LOW,REVOKED,false,false,false,45,5,,true
OFF-0130,4b271c3dc209eac61d05dd4f,Head Constable,2,STATE_02_DIST_02_PS_03,STATE_02_DIST_02,STATE_02,POLICE,LOW,ACTIVE,false,false,false,60,1,CASE-00105|CASE-00275|CASE-00359,true
OFF-0131,2b64c21367370d53935a5e0d,Cybercrime Officer,4,STATE_01_DIST_01_PS_02,STATE_01_DIST_01,STATE_01,CYBERCRIME,HIGH,ACTIVE,false,true,false,29,6,CASE-00102|CASE-00126|CASE-00285,true
OFF-0132,9a1678400f682a3201830c3a,Forensic Officer,4,STATE_02_DIST_02_PS_02,STATE_02_DIST_02,STATE_02,FORENSIC,HIGH,ACTIVE,false,true,true,31,2,CASE-00093|CASE-00325|CASE-00339|CASE-00341,true
OFF-0133,58ae919f19aeb7c7f1527d26,Cybercrime Officer,4,STATE_01_DIST_01_PS_01,STATE_01_DIST_01,STATE_01,CYBERCRIME,HIGH,ACTIVE,false,true,false,49,2,CASE-00024|CASE-00033|CASE-00053|CASE-00162|CASE-00169|CASE-00183|CASE-00243|CASE-00289|CASE-00299,true
OFF-0134,4718492e22f05239e76383dd,Head Constable,2,STATE_02_DIST_02_PS_01,STATE_02_DIST_02,STATE_02,POLICE,LOW,ACTIVE,false,false,false,5,8,CASE-00196,true
OFF-0135,93ea324e5b0159f974ae2ac9,Sub-Inspector,3,STATE_02_DIST_01_PS_01,STATE_02_DIST_01,STATE_02,POLICE,MEDIUM,ACTIVE,false,false,false,30,8,CASE-00056|CASE-00070|CASE-00198|CASE-00287|CASE-00298,true
OFF-0136,3388bd23d03d7e43b3bd8d53,Head Constable,2,STATE_03_DIST_04_PS_02,STATE_03_DIST_04,STATE_03,POLICE,LOW,SUSPENDED,false,false,false,16,1,,true
OFF-0137,b5c2c2becf92b9e253d997f4,Constable,1,STATE_02_DIST_01_PS_02,STATE_02_DIST_01,STATE_02,POLICE,LOW,ACTIVE,false,false,false,14,2,CASE-00025|CASE-00063|CASE-00140|CASE-00165|CASE-00246,true
OFF-0138,3cc947c5caadabb45a541b46,Sub-Inspector,3,STATE_03_DIST_01_PS_03,STATE_03_DIST_01,STATE_03,POLICE,MEDIUM,ACTIVE,false,false,false,49,1,CASE-00072|CASE-00244|CASE-00291|CASE-00333,true
OFF-0139,16a2d504d34232bf9551d690,Head Constable,2,STATE_02_DIST_03_PS_01,STATE_02_DIST_03,STATE_02,POLICE,LOW,ACTIVE,false,false,false,12,7,CASE-00011|CASE-00036|CASE-00061|CASE-00281|CASE-00282,true
OFF-0140,f57ebd05797c0d495cf5ad8e,Head Constable,2,STATE_02_DIST_02_PS_01,STATE_02_DIST_02,STATE_02,POLICE,LOW,ACTIVE,false,false,false,12,5,CASE-00051,true
OFF-0141,69b61a8c9ab3b270d0f7db2e,Sub-Inspector,3,STATE_01_DIST_02_PS_02,STATE_01_DIST_02,STATE_01,POLICE,MEDIUM,SUSPENDED,false,false,false,51,1,,true
OFF-0142,eff0953046ce4a5fb1d8ee91,Senior Superintendent,6,STATE_03_DIST_02_PS_03,STATE_03_DIST_02,STATE_03,POLICE,CLASSIFIED,ACTIVE,true,false,false,53,7,CASE-00108|CASE-00197|CASE-00266,true
OFF-0143,116125532167435d32c323d1,Constable,1,STATE_02_DIST_04_PS_03,STATE_02_DIST_04,STATE_02,POLICE,LOW,ACTIVE,false,true,false,52,3,CASE-00068|CASE-00118|CASE-00186,true
OFF-0144,426f43bdc9c73b5f3d8480a4,Sub-Inspector,3,STATE_01_DIST_02_PS_02,STATE_01_DIST_02,STATE_01,POLICE,MEDIUM,ACTIVE,false,false,false,49,0,CASE-00146|CASE-00227|CASE-00284|CASE-00331,true
OFF-0145,733b1499389b250473119b5c,Inspector,4,STATE_01_DIST_03_PS_01,STATE_01_DIST_03,STATE_01,POLICE,MEDIUM,ACTIVE,false,false,true,21,2,CASE-00145|CASE-00170|CASE-00323|CASE-00352,true
OFF-0146,59518bd254aa8c0d0b7a139c,Head Constable,2,STATE_01_DIST_01_PS_03,STATE_01_DIST_01,STATE_01,POLICE,LOW,ACTIVE,false,false,false,13,0,CASE-00020|CASE-00209|CASE-00261|CASE-00265,true
OFF-0147,94b2d412892c95cbfdbe73cd,Sub-Inspector,3,STATE_02_DIST_03_PS_03,STATE_02_DIST_03,STATE_02,POLICE,MEDIUM,ACTIVE,false,false,true,2,7,CASE-00005|CASE-00050|CASE-00101|CASE-00155|CASE-00310,true
OFF-0148,adb77e6ea2a2edb0afc7410d,Sub-Inspector,3,STATE_03_DIST_04_PS_03,STATE_03_DIST_04,STATE_03,POLICE,MEDIUM,ACTIVE,false,false,false,9,8,CASE-00023|CASE-00109|CASE-00123|CASE-00190|CASE-00214|CASE-00237|CASE-00319|CASE-00353,true
OFF-0149,816d13ffa68e60a160c3810f,Inspector,4,STATE_01_DIST_02_PS_03,STATE_01_DIST_02,STATE_01,POLICE,MEDIUM,ACTIVE,false,false,false,42,4,CASE-00048|CASE-00097|CASE-00328|CASE-00343|CASE-00347,true
OFF-0150,b012e7e4d1319033c362fb26,Prosecutor Liaison,4,STATE_03_DIST_01_PS_03,STATE_03_DIST_01,STATE_03,PROSECUTION,MEDIUM,ACTIVE,false,false,false,26,0,CASE-00009|CASE-00263,true
OFF-0151,4857d6398585bfa5b41baddd,Inspector,4,STATE_02_DIST_04_PS_03,STATE_02_DIST_04,STATE_02,POLICE,MEDIUM,ACTIVE,false,false,false,27,2,CASE-00007|CASE-00089|CASE-00186|CASE-00200|CASE-00234,true
OFF-0152,f30bb583158115d6451ff1ba,Constable,1,STATE_03_DIST_02_PS_01,STATE_03_DIST_02,STATE_03,POLICE,LOW,ACTIVE,false,false,false,49,2,CASE-00114|CASE-00136|CASE-00157,true
OFF-0153,bbef3f90be1083101e51c0b0,Constable,1,STATE_01_DIST_03_PS_03,STATE_01_DIST_03,STATE_01,POLICE,LOW,ACTIVE,false,false,false,5,5,CASE-00019|CASE-00047|CASE-00057|CASE-00091|CASE-00219,true
OFF-0154,030fbe8b71b501096276a8ab,Constable,1,STATE_03_DIST_03_PS_03,STATE_03_DIST_03,STATE_03,POLICE,LOW,ACTIVE,false,true,false,4,1,CASE-00067|CASE-00096|CASE-00158|CASE-00194|CASE-00320|CASE-00334|CASE-00358,true
OFF-0155,750741a21ba1ad37a768df1b,Sub-Inspector,3,STATE_03_DIST_01_PS_01,STATE_03_DIST_01,STATE_03,POLICE,MEDIUM,ACTIVE,false,false,false,8,0,CASE-00065|CASE-00076|CASE-00133|CASE-00204|CASE-00274,true
OFF-0156,5f299dc3f248e4c74232aab4,Head Constable,2,STATE_03_DIST_03_PS_01,STATE_03_DIST_03,STATE_03,POLICE,LOW,ACTIVE,false,false,true,45,2,,true
OFF-0157,3dd77930332ffbb4fb60fb78,Inspector,4,STATE_02_DIST_01_PS_03,STATE_02_DIST_01,STATE_02,POLICE,MEDIUM,ACTIVE,false,false,false,36,3,CASE-00178|CASE-00269|CASE-00350,true
OFF-0158,88db5c4f1341722984d72ca6,Sub-Inspector,3,STATE_01_DIST_01_PS_03,STATE_01_DIST_01,STATE_01,POLICE,MEDIUM,ACTIVE,false,false,false,15,3,CASE-00014,true
OFF-0159,a1e23926bdb89d718dc0ff23,Forensic Officer,4,STATE_01_DIST_01_PS_03,STATE_01_DIST_01,STATE_01,FORENSIC,HIGH,ACTIVE,false,false,true,42,5,CASE-00014|CASE-00209|CASE-00261|CASE-00265|CASE-00316,true
OFF-0160,5ce4d64c20eb4b8a7537a1f7,Sub-Inspector,3,STATE_01_DIST_03_PS_02,STATE_01_DIST_03,STATE_01,POLICE,MEDIUM,ACTIVE,false,false,false,41,6,CASE-00348|CASE-00356,true
OFF-0161,1086c897162d91ce96d22b8e,Inspector,4,STATE_02_DIST_03_PS_02,STATE_02_DIST_03,STATE_02,POLICE,MEDIUM,ACTIVE,false,false,false,28,2,CASE-00015|CASE-00029|CASE-00161|CASE-00167|CASE-00252,true
OFF-0162,ec1ea596f81353f2d9f85816,Constable,1,STATE_01_DIST_01_PS_02,STATE_01_DIST_01,STATE_01,POLICE,LOW,SUSPENDED,false,false,false,39,7,,true
OFF-0163,7ee6e3366f554e7379c63997,Cybercrime Officer,4,STATE_01_DIST_04_PS_03,STATE_01_DIST_04,STATE_01,CYBERCRIME,HIGH,ACTIVE,false,true,true,22,6,CASE-00074|CASE-00121|CASE-00276|CASE-00286|CASE-00332|CASE-00349,true
OFF-0164,eb2cec3f8312decabe6f3925,Constable,1,STATE_02_DIST_04_PS_03,STATE_02_DIST_04,STATE_02,POLICE,LOW,ACTIVE,false,false,true,40,2,CASE-00031|CASE-00116,true
OFF-0165,b2c7b3b76aeb981b1bd8756b,Prosecutor Liaison,4,STATE_01_DIST_02_PS_03,STATE_01_DIST_02,STATE_01,PROSECUTION,MEDIUM,ACTIVE,false,false,true,48,8,CASE-00048|CASE-00222|CASE-00322,true
OFF-0166,b6791729f7de52114f8f5aba,Inspector,4,STATE_03_DIST_01_PS_01,STATE_03_DIST_01,STATE_03,POLICE,MEDIUM,ACTIVE,false,true,true,39,1,CASE-00034|CASE-00039|CASE-00174|CASE-00294,true
OFF-0167,a2884bcebf8616c20bdb4688,Constable,1,STATE_02_DIST_01_PS_01,STATE_02_DIST_01,STATE_02,POLICE,LOW,ACTIVE,false,false,false,50,2,CASE-00098|CASE-00198|CASE-00254|CASE-00314,true
OFF-0168,ccfa52e7df949ec76b129260,Constable,1,STATE_02_DIST_01_PS_03,STATE_02_DIST_01,STATE_02,POLICE,LOW,ACTIVE,false,false,false,57,4,CASE-00178|CASE-00208|CASE-00257|CASE-00269|CASE-00350,true
OFF-0169,da8724df1e30e5c801778777,Constable,1,STATE_03_DIST_02_PS_03,STATE_03_DIST_02,STATE_03,POLICE,LOW,ACTIVE,false,false,false,16,8,CASE-00132|CASE-00210,true
OFF-0170,46b29e30bec752302a2d886e,Head Constable,2,STATE_02_DIST_02_PS_01,STATE_02_DIST_02,STATE_02,POLICE,LOW,ACTIVE,false,false,false,59,4,CASE-00026|CASE-00043|CASE-00051|CASE-00137,true
OFF-0171,4bb363d085866d6dbe19f005,Forensic Officer,4,STATE_02_DIST_03_PS_03,STATE_02_DIST_03,STATE_02,FORENSIC,HIGH,ACTIVE,false,false,true,7,8,CASE-00005|CASE-00310|CASE-00357,true
OFF-0172,59295c95c257a05519b6f91d,Inspector,4,STATE_01_DIST_02_PS_01,STATE_01_DIST_02,STATE_01,POLICE,MEDIUM,ACTIVE,false,false,false,37,1,CASE-00030|CASE-00059|CASE-00086|CASE-00181|CASE-00185|CASE-00306|CASE-00317|CASE-00342,true
OFF-0173,5d29ee05d50fe82bba4375d8,Senior Superintendent,6,STATE_02_DIST_02_PS_02,STATE_02_DIST_02,STATE_02,POLICE,CLASSIFIED,ACTIVE,true,false,false,16,6,CASE-00079|CASE-00093|CASE-00159|CASE-00341,true
OFF-0174,0d9d0f67e217f12f80467acf,Inspector,4,STATE_02_DIST_04_PS_03,STATE_02_DIST_04,STATE_02,POLICE,MEDIUM,ACTIVE,false,false,false,11,0,CASE-00031|CASE-00068|CASE-00318,true
OFF-0175,22a74f5c5cd00d0646a359b6,Cybercrime Officer,4,STATE_02_DIST_03_PS_01,STATE_02_DIST_03,STATE_02,CYBERCRIME,HIGH,ACTIVE,false,true,false,55,5,CASE-00011|CASE-00035|CASE-00042|CASE-00061|CASE-00066|CASE-00281|CASE-00282,true
OFF-0176,c078db1796c2d8c169b84669,Station House Officer,5,STATE_01_DIST_01_PS_01,STATE_01_DIST_01,STATE_01,POLICE,HIGH,ACTIVE,true,false,false,26,8,CASE-00033|CASE-00127|CASE-00169|CASE-00182|CASE-00183|CASE-00243|CASE-00299,true
OFF-0177,8287968c0e33f42b2e380e47,Forensic Officer,4,STATE_02_DIST_04_PS_03,STATE_02_DIST_04,STATE_02,FORENSIC,HIGH,ACTIVE,false,false,true,41,0,CASE-00031,true
OFF-0178,2be0332c4385b770ea00150b,Constable,1,STATE_01_DIST_01_PS_02,STATE_01_DIST_01,STATE_01,POLICE,LOW,ACTIVE,false,false,false,34,3,CASE-00052|CASE-00102|CASE-00113|CASE-00126|CASE-00285,true
OFF-0179,74d33cea72e21de2b8f5e545,Inspector,4,STATE_03_DIST_01_PS_03,STATE_03_DIST_01,STATE_03,POLICE,MEDIUM,ACTIVE,false,false,false,30,2,CASE-00009,true
OFF-0180,8d48fc84d688aabaae7c6986,Constable,1,STATE_01_DIST_03_PS_03,STATE_01_DIST_03,STATE_01,POLICE,LOW,ACTIVE,false,false,false,4,2,CASE-00083|CASE-00091|CASE-00172|CASE-00175|CASE-00219|CASE-00315,true
OFF-0181,e1441290962ca2a8517d8d0f,Sub-Inspector,3,STATE_02_DIST_02_PS_03,STATE_02_DIST_02,STATE_02,POLICE,MEDIUM,ACTIVE,false,true,false,35,5,CASE-00045|CASE-00259,true
OFF-0182,f733b89b991cd7dc6791cabb,Inspector,4,STATE_03_DIST_02_PS_02,STATE_03_DIST_02,STATE_03,POLICE,MEDIUM,ACTIVE,false,false,false,0,0,CASE-00002|CASE-00142|CASE-00205|CASE-00249|CASE-00250|CASE-00308,true
OFF-0183,95ff51d542090c1b60accce5,Inspector,4,STATE_01_DIST_02_PS_01,STATE_01_DIST_02,STATE_01,POLICE,MEDIUM,ACTIVE,false,false,true,49,1,CASE-00030|CASE-00185|CASE-00225|CASE-00306,true
OFF-0184,c0fc3111ae7a563a9f54250e,Inspector,4,STATE_01_DIST_01_PS_01,STATE_01_DIST_01,STATE_01,POLICE,MEDIUM,ACTIVE,false,false,false,33,8,CASE-00053|CASE-00127|CASE-00162|CASE-00169|CASE-00243,true
OFF-0185,30e751c660922e5216d51c20,Cybercrime Officer,4,STATE_03_DIST_01_PS_03,STATE_03_DIST_01,STATE_03,CYBERCRIME,HIGH,ACTIVE,false,true,false,19,0,CASE-00009|CASE-00072|CASE-00333,true
OFF-0186,fe341f3994ddbba307367393,Station House Officer,5,STATE_03_DIST_03_PS_01,STATE_03_DIST_03,STATE_03,POLICE,HIGH,ACTIVE,true,false,false,29,1,CASE-00003|CASE-00054,true
OFF-0187,dea3496d0907b239fdcdd5a2,Constable,1,STATE_03_DIST_02_PS_02,STATE_03_DIST_02,STATE_03,POLICE,LOW,SUSPENDED,false,false,false,7,5,,true
OFF-0188,6f9812bdfd1847e653ec5454,Station House Officer,5,STATE_02_DIST_02_PS_02,STATE_02_DIST_02,STATE_02,POLICE,HIGH,ACTIVE,true,false,false,50,8,CASE-00235|CASE-00325|CASE-00339|CASE-00341,true
OFF-0189,0f5e28fd8c1c5a758d17ef19,Head Constable,2,STATE_02_DIST_02_PS_02,STATE_02_DIST_02,STATE_02,POLICE,LOW,REVOKED,false,false,true,32,0,,true
OFF-0190,c6c5d38ea874865e512ea30c,Head Constable,2,STATE_01_DIST_04_PS_02,STATE_01_DIST_04,STATE_01,POLICE,LOW,ACTIVE,false,false,false,47,5,CASE-00247|CASE-00271,true
OFF-0191,f920410d24c1d513e4b5b45f,Forensic Officer,4,STATE_02_DIST_01_PS_01,STATE_02_DIST_01,STATE_02,FORENSIC,HIGH,ACTIVE,false,false,true,58,8,CASE-00013|CASE-00064|CASE-00070|CASE-00071|CASE-00098|CASE-00254|CASE-00287|CASE-00290|CASE-00314,true
OFF-0192,3d55943653d0579351b1bb1c,Sub-Inspector,3,STATE_03_DIST_03_PS_01,STATE_03_DIST_03,STATE_03,POLICE,MEDIUM,ACTIVE,false,true,true,46,3,CASE-00054|CASE-00195,true
OFF-0193,4be2947fa44b5e03c9285de0,Cybercrime Officer,4,STATE_02_DIST_03_PS_02,STATE_02_DIST_03,STATE_02,CYBERCRIME,HIGH,ACTIVE,false,true,false,36,2,CASE-00099|CASE-00161|CASE-00216|CASE-00221,true
OFF-0194,ade36a17fa7aeeef7c2513ee,Constable,1,STATE_01_DIST_04_PS_01,STATE_01_DIST_04,STATE_01,POLICE,LOW,ACTIVE,false,false,false,9,0,CASE-00027|CASE-00104|CASE-00212|CASE-00240|CASE-00270,true
OFF-0195,b1ddf55c2af537d97ad1287a,Constable,1,STATE_01_DIST_01_PS_02,STATE_01_DIST_01,STATE_01,POLICE,LOW,ACTIVE,false,false,false,47,0,CASE-00113|CASE-00124|CASE-00285,true
OFF-0196,d60f48d22e03c3316a18fa6d,Forensic Officer,4,STATE_01_DIST_02_PS_02,STATE_01_DIST_02,STATE_01,FORENSIC,HIGH,ACTIVE,false,false,true,52,8,CASE-00022|CASE-00146|CASE-00223|CASE-00284,true
OFF-0197,bb454708489db5641c11f4b0,Forensic Officer,4,STATE_01_DIST_02_PS_02,STATE_01_DIST_02,STATE_01,FORENSIC,HIGH,ACTIVE,false,false,true,24,1,CASE-00022|CASE-00146|CASE-00193|CASE-00223|CASE-00284,true
OFF-0198,5d9a86e9bbd1b3774caee2db,Head Constable,2,STATE_02_DIST_02_PS_01,STATE_02_DIST_02,STATE_02,POLICE,LOW,ACTIVE,false,true,false,51,1,CASE-00160|CASE-00202|CASE-00267,true
OFF-0199,8c053db99a24095548996524,Sub-Inspector,3,STATE_02_DIST_03_PS_01,STATE_02_DIST_03,STATE_02,POLICE,MEDIUM,ACTIVE,false,false,false,18,5,CASE-00011|CASE-00036|CASE-00042|CASE-00281,true
OFF-0200,4ee0497be96c65e5642e3a72,Sub-Inspector,3,STATE_02_DIST_04_PS_01,STATE_02_DIST_04,STATE_02,POLICE,MEDIUM,ACTIVE,false,false,false,45,5,CASE-00211|CASE-00231,true
OFF-0201,362db027dc02e204d8d16948,Cybercrime Officer,4,STATE_02_DIST_03_PS_03,STATE_02_DIST_03,STATE_02,CYBERCRIME,HIGH,ACTIVE,false,true,false,18,0,CASE-00087|CASE-00155|CASE-00310,true
OFF-0202,782ce33054ac702eb25bdce6,Constable,1,STATE_03_DIST_01_PS_03,STATE_03_DIST_01,STATE_03,POLICE,LOW,ACTIVE,false,true,false,3,8,CASE-00295,true
OFF-0203,7c415028a69bb19f488fe7d8,Station House Officer,5,STATE_02_DIST_01_PS_02,STATE_02_DIST_01,STATE_02,POLICE,HIGH,ACTIVE,true,false,false,27,0,CASE-00046|CASE-00140|CASE-00246,true
OFF-0204,36f9518be85535c10000ffd5,Head Constable,2,STATE_03_DIST_04_PS_01,STATE_03_DIST_04,STATE_03,POLICE,LOW,ACTIVE,false,false,true,31,1,CASE-00021|CASE-00173|CASE-00187|CASE-00268,true
OFF-0205,21f9b37fcb4f7d2db6857d62,Station House Officer,5,STATE_03_DIST_03_PS_02,STATE_03_DIST_03,STATE_03,POLICE,HIGH,ACTIVE,true,false,false,53,8,CASE-00037|CASE-00049|CASE-00073|CASE-00077|CASE-00110|CASE-00117|CASE-00153|CASE-00166|CASE-00203|CASE-00258,true
OFF-0206,05c3cda35f4947118d9b39ea,Inspector,4,STATE_02_DIST_02_PS_02,STATE_02_DIST_02,STATE_02,POLICE,MEDIUM,ACTIVE,false,false,false,14,7,CASE-00093|CASE-00159|CASE-00235|CASE-00325|CASE-00339|CASE-00341,true
OFF-0207,cad50d4d8a49a83faad951a4,Constable,1,STATE_01_DIST_04_PS_02,STATE_01_DIST_04,STATE_01,POLICE,LOW,ACTIVE,false,true,false,44,8,CASE-00120|CASE-00247,true
OFF-0208,47e9daa6a9eddbbbae1d0bd7,Inspector,4,STATE_01_DIST_03_PS_01,STATE_01_DIST_03,STATE_01,POLICE,MEDIUM,ACTIVE,false,false,false,56,1,CASE-00081|CASE-00176,true
OFF-0209,46719ed3c0b1ab7f0fbf5f90,Forensic Officer,4,STATE_03_DIST_02_PS_01,STATE_03_DIST_02,STATE_03,FORENSIC,HIGH,ACTIVE,false,false,true,16,6,CASE-00136|CASE-00157|CASE-00164|CASE-00296|CASE-00302,true
OFF-0210,4150a8ceaba40e213683ea41,Sub-Inspector,3,STATE_03_DIST_04_PS_02,STATE_03_DIST_04,STATE_03,POLICE,MEDIUM,ACTIVE,false,false,false,29,2,CASE-00100|CASE-00143|CASE-00184|CASE-00224|CASE-00297|CASE-00346,true
OFF-0211,5e223aae914ba42e97c387c1,Inspector,4,STATE_03_DIST_04_PS_02,STATE_03_DIST_04,STATE_03,POLICE,MEDIUM,ACTIVE,false,false,true,37,5,CASE-00100|CASE-00143|CASE-00184|CASE-00239|CASE-00279|CASE-00297,true
OFF-0212,22d2f79089811df3a4aeb9a5,Constable,1,STATE_03_DIST_04_PS_01,STATE_03_DIST_04,STATE_03,POLICE,LOW,ACTIVE,false,false,false,10,7,CASE-00021|CASE-00075|CASE-00187|CASE-00277|CASE-00305|CASE-00313,true
OFF-0213,07e08d113775d9e409a3ca05,Station House Officer,5,STATE_03_DIST_02_PS_02,STATE_03_DIST_02,STATE_03,POLICE,HIGH,ACTIVE,true,false,false,41,3,CASE-00002|CASE-00142|CASE-00188|CASE-00205|CASE-00250|CASE-00300|CASE-00308,true
OFF-0214,4abc3e055d213fe06ce85aef,Head Constable,2,STATE_03_DIST_03_PS_03,STATE_03_DIST_03,STATE_03,POLICE,LOW,ACTIVE,false,false,false,9,2,CASE-00067|CASE-00096|CASE-00119|CASE-00141|CASE-00180|CASE-00194|CASE-00260|CASE-00264|CASE-00334|CASE-00354|CASE-00358,true
OFF-0215,61fb1f33fe73b6361966f242,Station House Officer,5,STATE_02_DIST_02_PS_01,STATE_02_DIST_02,STATE_02,POLICE,HIGH,ACTIVE,true,false,false,12,4,CASE-00160|CASE-00202,true
OFF-0216,63cd4d5013242ca51327d961,Constable,1,STATE_01_DIST_03_PS_01,STATE_01_DIST_03,STATE_01,POLICE,LOW,ACTIVE,false,false,false,9,4,CASE-00145|CASE-00170|CASE-00255|CASE-00323,true
OFF-0217,fdc97c18ce18a70d495aa065,Sub-Inspector,3,STATE_02_DIST_03_PS_02,STATE_02_DIST_03,STATE_02,POLICE,MEDIUM,ACTIVE,false,false,true,13,6,CASE-00038|CASE-00161|CASE-00220,true
OFF-0218,b4afcf069d55876dc928c9fe,Constable,1,STATE_03_DIST_02_PS_03,STATE_03_DIST_02,STATE_03,POLICE,LOW,ACTIVE,false,false,false,32,4,CASE-00108|CASE-00266|CASE-00324,true
OFF-0219,72129b83faafabab27729edc,Constable,1,STATE_03_DIST_02_PS_03,STATE_03_DIST_02,STATE_03,POLICE,LOW,ACTIVE,false,false,true,15,6,CASE-00288,true
OFF-0220,5f5d03cad2864eb9986177dd,Forensic Officer,4,STATE_03_DIST_01_PS_03,STATE_03_DIST_01,STATE_03,FORENSIC,HIGH,ACTIVE,false,false,true,56,3,CASE-00072|CASE-00106|CASE-00295,true
OFF-0221,1f0d6f8c17d7221984909f27,Inspector,4,STATE_01_DIST_04_PS_03,STATE_01_DIST_04,STATE_01,POLICE,MEDIUM,ACTIVE,false,false,false,6,6,CASE-00148|CASE-00207|CASE-00286|CASE-00303|CASE-00332,true
OFF-0222,fed71b6f957fb445cdad7897,Cybercrime Officer,4,STATE_02_DIST_02_PS_01,STATE_02_DIST_02,STATE_02,CYBERCRIME,HIGH,ACTIVE,false,true,false,16,6,CASE-00043|CASE-00163|CASE-00202,true
OFF-0223,f04272809174dac17c3936fd,Sub-Inspector,3,STATE_03_DIST_03_PS_01,STATE_03_DIST_03,STATE_03,POLICE,MEDIUM,ACTIVE,false,false,false,59,2,CASE-00003|CASE-00336|CASE-00345,true
OFF-0224,b20f60775fe6a25591c31932,Cybercrime Officer,4,STATE_02_DIST_03_PS_03,STATE_02_DIST_03,STATE_02,CYBERCRIME,HIGH,ACTIVE,false,true,false,6,0,CASE-00005|CASE-00112|CASE-00232|CASE-00309,true
OFF-0225,8fe1499c5ed9142abbac6485,Inspector,4,STATE_02_DIST_02_PS_02,STATE_02_DIST_02,STATE_02,POLICE,MEDIUM,ACTIVE,false,false,false,33,5,CASE-00213|CASE-00235|CASE-00339,true
OFF-0226,2f283926393a08241f4c19ba,Forensic Officer,4,STATE_01_DIST_03_PS_01,STATE_01_DIST_03,STATE_01,FORENSIC,HIGH,ACTIVE,false,false,true,30,8,CASE-00176|CASE-00255|CASE-00327|CASE-00352,true
OFF-0227,2747b4371f8a7719020e45ce,Inspector,4,STATE_01_DIST_01_PS_02,STATE_01_DIST_01,STATE_01,POLICE,MEDIUM,ACTIVE,false,false,false,60,7,CASE-00113|CASE-00124,true
OFF-0228,8a7aea37c451a80fdc290e57,Senior Superintendent,6,STATE_02_DIST_01_PS_02,STATE_02_DIST_01,STATE_02,POLICE,CLASSIFIED,ACTIVE,true,false,false,46,5,,true
OFF-0229,910fbfbd952d337d55470015,Head Constable,2,STATE_01_DIST_02_PS_01,STATE_01_DIST_02,STATE_01,POLICE,LOW,ACTIVE,false,true,true,58,6,CASE-00185|CASE-00306|CASE-00317|CASE-00337|CASE-00342,true
OFF-0230,f59f4c244c14d1c05b3b5fef,Inspector,4,STATE_02_DIST_04_PS_02,STATE_02_DIST_04,STATE_02,POLICE,MEDIUM,ACTIVE,false,false,false,33,3,CASE-00012|CASE-00129|CASE-00147|CASE-00171|CASE-00241|CASE-00321|CASE-00338,true
OFF-0231,b91bac32e23ee5afdb826394,Sub-Inspector,3,STATE_03_DIST_01_PS_02,STATE_03_DIST_01,STATE_03,POLICE,MEDIUM,ACTIVE,false,false,true,51,3,CASE-00040|CASE-00230|CASE-00312,true
OFF-0232,8e0a9feb90e3ea8a4997b70d,Inspector,4,STATE_03_DIST_03_PS_01,STATE_03_DIST_03,STATE_03,POLICE,MEDIUM,ACTIVE,false,false,false,42,6,CASE-00336|CASE-00345,true
OFF-0233,072b2cbde28c17244de8ae4d,Senior Superintendent,6,STATE_03_DIST_02_PS_03,STATE_03_DIST_02,STATE_03,POLICE,CLASSIFIED,ACTIVE,true,false,false,30,5,CASE-00062|CASE-00084|CASE-00266,true
OFF-0234,a7db164c4af844793a01db35,Head Constable,2,STATE_02_DIST_01_PS_03,STATE_02_DIST_01,STATE_02,POLICE,LOW,ACTIVE,false,false,false,11,7,CASE-00178|CASE-00192|CASE-00269|CASE-00350,true
OFF-0235,a4932d929933c3c8b03681a3,Cybercrime Officer,4,STATE_01_DIST_01_PS_01,STATE_01_DIST_01,STATE_01,CYBERCRIME,HIGH,ACTIVE,false,true,false,41,4,CASE-00028|CASE-00033|CASE-00053|CASE-00162|CASE-00169|CASE-00182|CASE-00183|CASE-00243|CASE-00289|CASE-00299,true
OFF-0236,3a6a5386535f809a826fc8a7,Sub-Inspector,3,STATE_02_DIST_03_PS_03,STATE_02_DIST_03,STATE_02,POLICE,MEDIUM,ACTIVE,false,false,false,23,2,CASE-00050|CASE-00058|CASE-00229,true
OFF-0237,7e3146ebb6c4e9a4f7f4cfaa,Forensic Officer,4,STATE_02_DIST_03_PS_02,STATE_02_DIST_03,STATE_02,FORENSIC,HIGH,ACTIVE,false,false,true,57,5,CASE-00015|CASE-00029,true
OFF-0238,0d893c2441da140e8c46fc54,Inspector,4,STATE_01_DIST_03_PS_03,STATE_01_DIST_03,STATE_01,POLICE,MEDIUM,ACTIVE,false,false,false,13,1,CASE-00047|CASE-00057|CASE-00069|CASE-00083|CASE-00091|CASE-00219|CASE-00326,true
OFF-0239,cef54734e093447c3864ede7,Head Constable,2,STATE_02_DIST_03_PS_01,STATE_02_DIST_03,STATE_02,POLICE,LOW,ACTIVE,false,true,false,49,7,CASE-00011|CASE-00150|CASE-00215|CASE-00304,true
OFF-0240,2e90133c615ae26c343ba035,Cybercrime Officer,4,STATE_02_DIST_04_PS_02,STATE_02_DIST_04,STATE_02,CYBERCRIME,HIGH,ACTIVE,false,true,false,34,2,CASE-00129|CASE-00147|CASE-00171|CASE-00241|CASE-00338,true
