claim_id,paper_section,research_question,claim_type,claim_text,safe_wording,evidence_artifacts,metric_or_row_filter,claim_strength,limitations,writing_status
C01,Abstract/Introduction,All,scope,"The evaluation uses a synthetic CCTNS/ICJS-style inter-agency access-governance workload, not real police records.","We evaluate SEBA-XAI on a synthetic inter-agency access-request workload inspired by CCTNS/ICJS-style sharing.","results/FINDINGS.md; prototype/runs/*/artifacts/access_requests.csv; papers/final_paper/methodology/methodology_draft_v1.md","synthetic workload; seeds 7|21|42|99|123",strong_for_scope,"Does not prove real CCTNS/ICJS performance or access to real police records.",allowed
C02,Introduction/Contributions,All,scope,"SEBA-XAI is an access-governance and audit paper, not a crime-prediction paper.","The paper studies access governance, auditability, and explanation of access decisions rather than individual crime prediction.","papers/final_paper/claim_control_memo.md; results/FINDINGS.md","forbidden claims and paper framing",strong_for_scope,"NCRB/BPRD can be used for context only unless separate aggregate modeling is implemented.",allowed
C03,Methodology,RQ1,method,"The prototype compares mutable logs, signed hash chains, blockchain-style audit, CT-style logs, ABAC/Fabric-style re-execution, trusted policy oracle, and NS-PI.","We compare multiple audit and policy-checking baselines under explicit visibility assumptions.","results/tables/full_grid_aas_by_defense.csv; results/tables/full_grid_raw.csv; papers/final_paper/claim_control_memo.md","defense column; baseline visibility assumptions",strong_for_synthetic_benchmark,"Some baselines are simulations, not deployed production systems.",allowed
C04,Methodology/Threat Model,RQ1,method,"The blockchain component is a permissioned blockchain-style audit simulation.","The blockchain layer is a local permissioned-audit simulation that records commitments and detects controlled tampering.","prototype/synthetic_access_sim/blockchain_audit.py; results/tables/paper_table_02_tamper_detection.csv; results/tables/full_grid_per_attack.csv","permissioned_blockchain_style rows",moderate,"No real Hyperledger Fabric test-network evidence exists yet.",allowed_with_boundary
C05,Results,RQ1,result,"Mutable logs are weak for controlled tamper cases.","The mutable log baseline does not internally detect the controlled edits in the local tamper test.","results/tables/paper_table_02_tamper_detection.csv","audit_log mutable_log detection_rate=0.0000",strong_for_local_test,"This is based on the implemented mutable-log baseline, not all possible database audit systems.",allowed
C06,Results,RQ1,result,"Signed hash-chain logs detect the controlled edits in the local tamper test.","The signed hash-chain baseline detects the controlled edits in the local test.","results/tables/paper_table_02_tamper_detection.csv","audit_log signed_hash_chain detection_rate=1.0000",strong_for_local_test,"Does not prevent validly re-signed compromised events.",allowed
C07,Results,RQ1,result,"Blockchain-style audit detects controlled block and commitment edits.","The permissioned blockchain-style blocks detect the controlled block and commitment edits in the local simulation.","results/tables/paper_table_02_tamper_detection.csv","blockchain_audit permissioned_blockchain_style detection_rate=1.0000",strong_for_local_simulation,"No live Fabric deployment; does not imply production security.",allowed_with_boundary
C08,Results,RQ1,result,"Cryptographic and ABAC-style defenses remain stronger than mutable logs for ordinary event edits in the tested workload.","For ordinary event edits, cryptographic and ABAC-style defenses perform better than the mutable log baseline in the synthetic benchmark.","results/tables/full_grid_aas_by_defense.csv; results/tables/full_grid_per_attack.csv; results/FINDINGS.md","ordinary attacks excluding compromised_signer; AAS values",strong_for_synthetic_benchmark,"Should not be generalized beyond the implemented attack catalog.",allowed
C09,Results,RQ1,result,"Trusted policy oracle has the highest overall AAS in the current synthetic benchmark.","The trusted policy oracle reaches the strongest overall result under its independent raw-attribute visibility assumption.","results/tables/full_grid_aas_by_defense.csv; results/FINDINGS.md","trusted_policy_oracle aas_mean=1.0000",strong_for_synthetic_benchmark,"Strong assumption; not a free operational guarantee.",allowed
C10,Results,RQ1,result,"NS-PI is not the strongest overall detector.","NS-PI is not the best overall tamper detector; it is a complementary log-only drift signal.","results/tables/full_grid_aas_by_defense.csv; results/FINDINGS.md","nspi_drift aas_mean=0.2500; trusted_policy_oracle aas_mean=1.0000",strong_for_synthetic_benchmark,"Do not claim NS-PI beats blockchain, ABAC, or trusted policy oracle overall.",allowed
C11,Threat Model/Results,RQ2,result,"Ledger-only and ABAC/Fabric-style checks are blind to the validly re-signed compromised-signer attack as implemented.","For the synthetic compromised-signer attack, ledger-only and ABAC-style baselines have 0.0 detection because the corrupted log is validly re-signed by construction.","results/tables/full_grid_per_attack.csv; results/tables/adaptive_attack_summary.csv; results/FINDINGS.md","attack=compromised_signer; baselines detection_rate=0.0",strong_for_synthetic_attack,"Attack realism must be explained carefully; not all real attacks follow this pattern.",allowed
C12,Results,RQ2,result,"NS-PI detects the full-grid compromised-signer attack in the five-seed setting.","NS-PI detects the tested validly re-signed compromised-signer attack in the full-grid five-seed setting.","results/tables/full_grid_per_attack.csv; results/tables/adaptive_attack_summary.csv; results/tables/seed_confidence_summary.csv","attack=compromised_signer; nspi_drift detection_rate=1.0",strong_for_current_setting,"Does not hold for all flip rates or targeted attacks.",allowed
C13,Results,RQ2,result,"Trusted policy oracle also detects the compromised-signer attack.","The trusted policy oracle also detects the compromised-signer attack because it re-evaluates against an independent raw-attribute view.","results/tables/full_grid_per_attack.csv; results/tables/nspi_compromised_signer_sensitivity_summary.csv; results/FINDINGS.md","trusted_policy_oracle detection_rate=1.0",strong_for_synthetic_benchmark,"Requires uncompromised original request attributes.",allowed
C14,Results,RQ3,result,"NS-PI misses 2% and 5% global compromised-signer corruption.","NS-PI misses 2% and 5% global corruption in the current synthetic sensitivity study.","results/tables/nspi_compromised_signer_sensitivity_summary.csv; results/FINDINGS.md","flip_fraction_requested=0.02|0.05; nspi_any_detection_rate=0.0",strong_for_current_setting,"Detection boundary is workload-dependent.",allowed
C15,Results,RQ3,result,"NS-PI detects global compromised-signer corruption from 10% in the current workload, with size caveats.","In the current sensitivity study, NS-PI detects the global compromised-signer attack from 10%, but stress results show this threshold is workload-size dependent.","results/tables/nspi_compromised_signer_sensitivity_summary.csv; results/tables/workload_policy_stress_summary.csv; results/FINDINGS.md","flip_fraction_requested=0.10; size_baseline rows for cs_f10",moderate,"At N=500, 10% detection is not stable; do not state a universal threshold.",allowed_with_boundary
C16,Results,RQ3,result,"Global NS-PI is weak for localized station/district attacks.","Global NS-PI is weak for localized attacks because the changed share of the full workload can remain small.","results/tables/nspi_targeted_compromised_signer_summary.csv; results/FINDINGS.md","target_scope station/district; low global detection rates",strong_for_current_setting,"Grouped drift is needed for this threat model.",allowed
C17,Results,RQ3,result,"Grouped NS-PI helps for targeted corruption but misses small target-group corruption.","Grouped NS-PI improves targeted attack detection but still misses 10% target-group corruption in the current benchmark.","results/tables/nspi_targeted_compromised_signer_summary.csv; results/FINDINGS.md","target flip 0.10 any detection=0.0; higher flips improved",strong_for_current_setting,"Not a row-level verifier; targeted sensitivity depends on group size.",allowed
C18,Results,RQ4,result,"XAI traces are complete in the current synthetic evaluation.","The structured XAI trace is complete across the five-seed synthetic evaluation.","results/tables/explanation_audit_quality_summary.csv; results/FINDINGS.md","trace_complete_rate mean=1.0000",strong_for_synthetic_benchmark,"Completeness of generated traces does not prove human usefulness.",allowed
C19,Results,RQ4,result,"Counterfactual explanations are generated for all current deny/escalate target rows.","Counterfactual coverage is complete in the current workload.","results/tables/explanation_audit_quality_summary.csv; results/FINDINGS.md","counterfactual_coverage_rate mean=1.0000",strong_for_synthetic_benchmark,"Generated counterfactuals still need human/domain validation for real use.",allowed
C20,Results,RQ4,result,"Counterfactual validity is high but not perfect.","Counterfactual validity is high in the current benchmark, with a measured mean of 0.9964.","results/tables/explanation_audit_quality_summary.csv; results/FINDINGS.md","counterfactual_validity_rate mean=0.9964129623",strong_for_synthetic_benchmark,"Do not round into perfection; report the measured non-perfect value.",allowed
C21,Results/Risk,RQ4,limitation,"Natural-language explanation text does not mention every decisive attribute in all cases.","Decisive-attribute full text coverage is incomplete and should be reported as an explanation-quality limitation.","results/tables/explanation_audit_quality_summary.csv; results/FINDINGS.md","decisive_attribute_full_text_coverage_rate mean=0.7810",strong_for_current_setting,"This is a weakness unless renderer is improved and rerun.",allowed
C22,Results,RQ4,result,"Audit reconstruction succeeds in the current synthetic benchmark.","Audit reconstruction succeeds across the tested events by joining request records, signed-chain events, block index rows, and block commitments.","results/tables/explanation_audit_quality_summary.csv; results/FINDINGS.md","audit_reconstruction_rate mean=1.0000",strong_for_synthetic_benchmark,"Does not prove production audit reconstruction in CCTNS/ICJS.",allowed
C23,Results,RQ5,result,"Minimized commitment ledger reduces schema-level metadata exposure in the synthetic study.","The minimized commitment ledger reduces the prototype schema-level exposure score compared with full metadata logging.","results/tables/paper_table_03_metadata_exposure.csv; results/tables/offchain_storage_step7_summary.csv","metadata_exposure_score full=1.0000; minimized=0.0000",moderate,"This is not a formal privacy proof and does not measure every side channel.",allowed_with_boundary
C24,Results,RQ5,result,"Local latency and storage overhead have been measured for the prototype components.","The paper can report local prototype latency and storage measurements for policy oracle, mutable log, signed hash chain, and permissioned blockchain-style audit.","results/tables/paper_table_04_latency_storage.csv","component_or_method rows; p50 latency/storage fields",moderate,"Local timings are not production CCTNS/ICJS or Fabric performance.",allowed_with_boundary
C25,Methodology/Results,RQ1,ablation,"Removing policy rule groups changes false-allow/escalation behavior.","Policy ablation shows why contextual rules matter, especially privacy, sealed-record, sensitivity, and jurisdiction checks.","results/tables/paper_table_05_policy_ablation.csv; results/tables/policy_ablation_step8_comparison.csv","false_allow_delta_from_full; accuracy_drop_from_full",strong_for_synthetic_benchmark,"Ablation reflects the synthetic policy design, not official policy.",allowed
C26,Discussion,All,interpretation,"Blockchain alone is insufficient for this research problem.","Blockchain-style audit helps with tamper-evident commitments, but it does not decide whether a validly signed access decision was policy-correct.","results/tables/full_grid_per_attack.csv; papers/final_paper/claim_control_memo.md; results/FINDINGS.md","compromised_signer detection for blockchain_style=0.0",strong_for_synthetic_attack,"Must distinguish ledger integrity from policy correctness.",allowed
C27,Discussion,All,interpretation,"ABAC/PBAC is central, not optional decoration.","Contextual access policy is central because RBAC-only rules produce many false allows in the synthetic workload.","results/tables/paper_table_01_method_comparison.csv; results/tables/paper_table_05_policy_ablation.csv","rbac_mutable_log false_allow_count=656; rbac accuracy=0.2900",strong_for_synthetic_benchmark,"Do not claim exact real-world false-allow rates.",allowed
C28,Discussion,All,interpretation,"XAI is used for audit review, not to make the system automatically trustworthy.","XAI artifacts support reviewability by logging decision traces, reason codes, decisive attributes, counterfactuals, and hashes.","results/tables/explanation_audit_quality_summary.csv; prototype/synthetic_access_sim/policy_oracle.py; results/FINDINGS.md","trace and counterfactual metrics",strong_for_synthetic_benchmark,"No human-subject review study has been conducted.",allowed
C29,Limitations,All,limitation,"The current paper is not a live deployment, real police data, formal cryptography, formal privacy, or production Fabric paper.","The current evidence supports a synthetic benchmark and prototype paper only.","papers/final_paper/claim_control_memo.md; experiments/experiment_plan.md; 08_experiment_plan.md","evidence boundary sections",strong_for_scope,"Keep this limitation visible in abstract, methodology, and limitations.",allowed
C30,Future Work,All,next_step,"Stronger claims require reproduction freeze, artifact-to-claim completion, optional real Fabric validation, and possible explanation renderer improvement.","Before stronger claims, run the reproduction freeze, complete final claim audit, and either improve explanation text coverage or retain the limitation.","papers/final_paper/claim_control_memo.md; reports/iteration/iter_046_claim_control_experiment_docs.md; experiments/experiment_plan.md","next evidence needed",strong_for_planning,"These are planned next steps, not completed new results.",allowed
