filename,title,year,area,source_url,status,notes
Two-Level_Blockchain_System_for_Digital_Crime_Evidence_Management.pdf,Two-Level Blockchain System for Digital Crime Evidence Management,2021,blockchain crime evidence,https://www.mdpi.com/1424-8220/21/9/3051,copied_existing,Already present locally and copied into this folder.
LEChain_blockchain_based_lawful_evidence_management.pdf,LEChain: A blockchain-based lawful evidence management scheme for digital forensics,2021,blockchain digital forensics,https://doi.org/10.1016/j.future.2020.09.038,copied_existing,Already present locally and copied into this folder.
Digital_Evidence_Management_Model_Hyperledger_Fabric.pdf,Design and Implementation of a Digital Evidence Management Model Based on Hyperledger Fabric,2020,Hyperledger Fabric evidence management,https://doi.org/10.3745/JIPS.04.0178,copied_existing,Already present locally and copied into this folder.
Hyperledger_Fabric_Distributed_OS_for_Permissioned_Blockchains.pdf,Hyperledger Fabric: A Distributed Operating System for Permissioned Blockchains,2018,permissioned blockchain,https://arxiv.org/pdf/1801.10228,downloaded,Core blockchain architecture source.
Blockchain_Based_Access_Control_Systems_Survey_arXiv_1908_08503.pdf,Blockchain based access control systems: State of the art and challenges,2019,blockchain access control survey,https://arxiv.org/pdf/1908.08503,downloaded,Useful for novelty boundary and access-control related work.
NIST_SP_800_162_ABAC.pdf,NIST SP 800-162: Guide to Attribute Based Access Control,2014,ABAC standard,https://nvlpubs.nist.gov/nistpubs/SpecialPublications/NIST.SP.800-162.pdf,downloaded_supporting_standard,Standard, not a research paper.
NISTIR_8403_Blockchain_for_Access_Control.pdf,NISTIR 8403: Blockchain for Access Control Systems,2022,blockchain access-control standard,https://nvlpubs.nist.gov/nistpubs/ir/2022/NIST.IR.8403.pdf,downloaded_supporting_standard,Technical guidance, not a research paper.
Privacy_Preserving_Machine_Learning_Survey_arXiv_2108_04417.pdf,Privacy-Preserving Machine Learning: Methods Challenges and Directions,2021,privacy-preserving ML,https://arxiv.org/pdf/2108.04417,downloaded,Background for privacy-preserving ML choices.
Deep_Learning_with_Differential_Privacy_arXiv_1607_00133.pdf,Deep Learning with Differential Privacy,2016,differential privacy,https://arxiv.org/pdf/1607.00133,downloaded,Optional privacy baseline reference.
Rudin_Interpretable_Models_High_Stakes_arXiv_1811_10154.pdf,Stop explaining black box machine learning models for high stakes decisions and use interpretable models instead,2019,XAI high-stakes AI,https://arxiv.org/pdf/1811.10154,downloaded,Supports interpretable-first claim boundaries.
Fair_Prediction_with_Disparate_Impact_arXiv_1703_00056.pdf,Fair Prediction with Disparate Impact,2017,fairness criminal justice,https://arxiv.org/pdf/1703.00056,downloaded,Important for fairness trade-off discussion.
Inherent_Tradeoffs_Risk_Scores_arXiv_1609_05807.pdf,Inherent Trade-Offs in the Fair Determination of Risk Scores,2017,fairness theory,https://arxiv.org/pdf/1609.05807,downloaded,Useful for limitations on risk scores.
Runaway_Feedback_Loops_Predictive_Policing_PMLR.pdf,Runaway Feedback Loops in Predictive Policing,2018,predictive policing risk,https://proceedings.mlr.press/v81/ensign18a/ensign18a.pdf,downloaded,Supports rejecting unsupported predictive-policing claims.
Fundamental_Considerations_XAI_in_Law_Enforcement.pdf,Fundamental considerations for the use of explainable AI in law enforcement,2025,XAI law enforcement,https://www.frontiersin.org/journals/political-science/articles/10.3389/fpos.2025.1605619/pdf,downloaded,Core XAI law-enforcement reference.
Blockchain_Based_Auditing_Legal_Decisions_XAI_GenAI.pdf,Blockchain-based auditing of legal decisions supported by explainable AI and generative AI tools,2024,blockchain XAI legal audit,https://livrepository.liverpool.ac.uk/3179806/1/Generative_AI_Blockchain.pdf,downloaded,Closest legal AI audit precedent.
Secure_Privacy_Preserving_Blockchain_Based_XAI_Justice_System.pdf,A Secure and Privacy-Preserving Blockchain-Based XAI-Justice System,2023,blockchain privacy XAI justice,https://mdpi-res.com/d_attachment/information/information-14-00477/article_deploy/information-14-00477.pdf,downloaded,Related broad justice-system framework.
Blockchain_for_Explainable_and_Trustworthy_AI.pdf,Blockchain for explainable and trustworthy artificial intelligence,2020,blockchain XAI theory,https://scholarworks.aub.edu.lb/bitstream/handle/10938/25595/2020-7160.pdf?sequence=1,downloaded,Useful background, not police-specific.
User_Authentication_Access_Control_Blockchain_Forensic_Log_Data.pdf,User authentication and access control to blockchain-based forensic log data,2023,forensic log access control,https://link.springer.com/content/pdf/10.1186/s13635-023-00142-3.pdf,downloaded,Security/access-control support source.
Privacy_Preserving_ABAC_using_Homomorphic_Encryption.pdf,Privacy-preserving attribute-based access control using homomorphic encryption,2025,privacy-preserving ABAC,https://link.springer.com/content/pdf/10.1186/s42400-024-00323-8.pdf,downloaded,Useful for future privacy-preserving policy evaluation.
BlendSPS_Blockchain_Enabled_Decentralized_Smart_Public_Safety_System.pdf,BlendSPS: A Blockchain-Enabled Decentralized Smart Public Safety System,2020,public-safety blockchain,https://mdpi-res.com/d_attachment/smartcities/smartcities-03-00047/article_deploy/smartcities-03-00047.pdf,downloaded,Public-safety blockchain architecture reference.
Machine_Learning_in_Crime_Prediction_SLR.pdf,Machine learning in crime prediction,2023,crime prediction survey,https://link.springer.com/content/pdf/10.1007/s12652-023-04530-y.pdf,downloaded,Background only; not the main SEBA-XAI direction.
CriX_Intersection_Crime_Demographics_Explainable_AI.pdf,CriX: Intersection of Crime Demographics and Explainable AI,2025,India crime XAI,https://www.scitepress.org/Papers/2025/133162/133162.pdf,downloaded,India-adjacent XAI crime analytics reference.
IndianBailJudgments_1200_Legal_NLP_arXiv_2507_02506.pdf,IndianBailJudgments-1200: A Multi-Attribute Dataset for Legal NLP on Indian Bail Orders,2025,Indian legal NLP dataset,https://arxiv.org/pdf/2507.02506,downloaded,Optional legal NLP dataset background.
ILDC_Indian_Legal_Documents_Corpus_arXiv_2105_13562.pdf,ILDC for CJPE: Indian Legal Documents Corpus for Court Judgment Prediction and Explanation,2021,Indian legal NLP XAI,https://arxiv.org/pdf/2105.13562,downloaded,Optional legal NLP/XAI background.
Data_Protection_Challenges_AI_Driven_Criminal_Justice_EU_India.pdf,Data Protection Challenges in AI-Driven Criminal Justice in the EU and India,2026,AI criminal justice law and privacy,https://link.springer.com/content/pdf/10.1007/s44196-025-01037-6.pdf,downloaded,India/EU legal background; avoid treating it as technical system proof.
Dialogue_Based_XAI_for_Predictive_Policing_Field_Study.pdf,Dialogue-based XAI for Predictive Policing: a Field Study,2025,XAI policing,https://ceur-ws.org/Vol-4017/paper_03.pdf,downloaded,Useful for role-specific and dialogue-based explanations; workshop source so cite carefully.
To_Predict_and_Serve_Predictive_Policing.pdf,To Predict and Serve?,2016,predictive policing bias,https://goldengalaxies.net/Quasarpdflibrary/wp-content/uploads/2022/05/To-predict-and-serve.pdf,downloaded_from_web_mirror,Important feedback-loop and bias warning; verify citation metadata before final paper use.
Algorithmic_Prediction_in_Policing_Assumptions_Evaluation_Accountability.pdf,Algorithmic prediction in policing: assumptions evaluation and accountability,2016/2018,predictive policing accountability,https://www.mobt3ath.com/uplode/book/book-105369.pdf,downloaded_from_web_mirror,Supports accountability and evaluation framing; verify citation metadata before final paper use.
