method_id,method_name,method_type,mode,requests,accuracy,correct_count,false_allow_count,false_deny_count,false_escalate_count,oracle_allow_recall,oracle_deny_recall,oracle_escalate_recall,predicted_allow_count,predicted_deny_count,predicted_escalate_count,decision_latency_ms_p50_total,enabled_rule_group_count,enabled_rule_groups,disabled_rule_groups,status,scope_note
rbac_role_action_only,RBAC role/action only,baseline,rbac,1000,0.2900,290,656,54,0,0.9823,0.4377,0.0000,767,233,0,0.608500,1,rbac_role_action,none,baseline,"Role, action, credential, and purpose baseline. It ignores jurisdiction, sensitivity, privacy flags, approval context, sealed records, and emergency review."
full_configured_pbac,Full configured PBAC/ABAC,proposed,configured,1000,1.0000,1000,0,0,0,1.0000,1.0000,1.0000,113,409,478,4.414333,13,action_rank|approval|assignment|credential|emergency|fallback_review|jurisdiction|network|privacy|purpose|routine_allow|sealed_record|sensitivity,none,proposed,Configured equivalent of the Step 2 policy oracle.
no_approval_rules,Ablation: approval rules removed,ablation,configured,1000,0.9470,947,0,0,53,1.0000,0.8704,1.0000,113,356,531,4.313041,12,action_rank|assignment|credential|emergency|fallback_review|jurisdiction|network|privacy|purpose|routine_allow|sealed_record|sensitivity,approval,ablation,"Removes expired token, missing approval, and classified sharing checks."
no_assignment_rules,Ablation: assignment rules removed,ablation,configured,1000,0.9350,935,0,0,65,1.0000,0.8411,1.0000,113,344,543,4.553833,12,action_rank|approval|credential|emergency|fallback_review|jurisdiction|network|privacy|purpose|routine_allow|sealed_record|sensitivity,assignment,ablation,Removes stale assignment checks and assignment use in routine allow logic.
no_sealed_record_rules,Ablation: sealed-record rules removed,ablation,configured,1000,0.8680,868,32,0,100,1.0000,0.6944,0.9854,145,284,571,4.545125,12,action_rank|approval|assignment|credential|emergency|fallback_review|jurisdiction|network|privacy|purpose|routine_allow|sensitivity,sealed_record,ablation,Removes sealed-record denial/escalation checks.
no_privacy_rules,Ablation: privacy rules removed,ablation,configured,1000,0.9540,954,46,0,0,1.0000,1.0000,0.9038,159,409,432,3.957542,12,action_rank|approval|assignment|credential|emergency|fallback_review|jurisdiction|network|purpose|routine_allow|sealed_record|sensitivity,privacy,ablation,"Removes juvenile, victim, and witness sensitivity escalation."
no_jurisdiction_rules,Ablation: jurisdiction rules removed,ablation,configured,1000,0.9920,992,8,0,0,1.0000,1.0000,0.9833,121,409,470,4.241208,12,action_rank|approval|assignment|credential|emergency|fallback_review|network|privacy|purpose|routine_allow|sealed_record|sensitivity,jurisdiction,ablation,Removes cross-jurisdiction sensitive-record escalation.
no_sensitivity_rules,Ablation: sensitivity rules removed,ablation,configured,1000,0.9560,956,19,0,25,1.0000,0.9389,0.9603,132,384,484,4.234833,12,action_rank|approval|assignment|credential|emergency|fallback_review|jurisdiction|network|privacy|purpose|routine_allow|sealed_record,sensitivity,ablation,Removes sensitivity-level use from policy checks and routine allow logic.
no_emergency_network_rules,Ablation: emergency/network rules removed,ablation,configured,1000,0.9990,999,1,0,0,1.0000,1.0000,0.9979,114,409,477,4.475000,11,action_rank|approval|assignment|credential|fallback_review|jurisdiction|privacy|purpose|routine_allow|sealed_record|sensitivity,emergency|network,ablation,Removes emergency review and degraded-node review checks.
no_context_review_fallback,Ablation: fallback review removed,ablation,configured,1000,0.9850,985,15,0,0,1.0000,1.0000,0.9686,128,409,463,4.485875,12,action_rank|approval|assignment|credential|emergency|jurisdiction|network|privacy|purpose|routine_allow|sealed_record|sensitivity,fallback_review,ablation,"Removes the final contextual escalation fallback, forcing unresolved requests to allow."
